Date,Open,High,Low,Close,Adj Close,Volume,Date
2020-01-02,3.8299999237060547,3.869999885559082,3.619999885559082,3.690000057220459,3.5397286415100098,1958400,2020-01-02
2020-01-03,3.630000114440918,3.819999933242798,3.5999999046325684,3.799999952316284,3.6452488899230957,2012900,2020-01-03
2020-01-06,3.75,3.9700000286102295,3.75,3.930000066757202,3.7699549198150635,1770800,2020-01-06
2020-01-07,3.950000047683716,4.010000228881836,3.8499999046325684,3.950000047683716,3.789140224456787,1885700,2020-01-07
2020-01-08,3.9700000286102295,4.079999923706055,3.75,3.759999990463257,3.6068778038024902,2222900,2020-01-08
2020-01-09,4.440000057220459,4.460000038146973,4.099999904632568,4.159999847412109,3.9905881881713867,6524800,2020-01-09
2020-01-10,4.199999809265137,4.369999885559082,4.110000133514404,4.179999828338623,4.0097737312316895,2601600,2020-01-10
2020-01-13,4.199999809265137,4.239999771118164,4.079999923706055,4.159999847412109,3.9905881881713867,2379800,2020-01-13
2020-01-14,4.179999828338623,4.260000228881836,4.119999885559082,4.190000057220459,4.01936674118042,1857600,2020-01-14
2020-01-15,4.179999828338623,4.21999979019165,4.119999885559082,4.170000076293945,4.000181198120117,1845400,2020-01-15
2020-01-16,4.230000019073486,4.260000228881836,4.119999885559082,4.179999828338623,4.0097737312316895,1586800,2020-01-16
2020-01-17,4.170000076293945,4.199999809265137,4.119999885559082,4.170000076293945,4.000181198120117,1555200,2020-01-17
2020-01-21,4.130000114440918,4.210000038146973,3.990000009536743,4.210000038146973,4.038552284240723,2317800,2020-01-21
2020-01-22,4.190000057220459,4.429999828338623,4.170000076293945,4.309999942779541,4.134479522705078,2390000,2020-01-22
2020-01-23,4.269999980926514,4.300000190734863,4.139999866485596,4.260000228881836,4.0865159034729,2090400,2020-01-23
2020-01-24,4.269999980926514,4.269999980926514,4.039999961853027,4.090000152587891,3.9234390258789062,1770900,2020-01-24
2020-01-27,3.880000114440918,4.059999942779541,3.7699999809265137,3.7899999618530273,3.6356561183929443,2606200,2020-01-27
2020-01-28,3.8499999046325684,4.010000228881836,3.8399999141693115,3.990000009536743,3.8275113105773926,2513300,2020-01-28
2020-01-29,4.010000228881836,4.179999828338623,4.010000228881836,4.079999923706055,3.913846015930176,1934700,2020-01-29
2020-01-30,4.03000020980835,4.099999904632568,3.990000009536743,4.059999942779541,3.894660472869873,1990700,2020-01-30
2020-01-31,4.050000190734863,4.070000171661377,3.8499999046325684,3.890000104904175,3.731583833694458,1888200,2020-01-31
2020-02-03,3.9000000953674316,3.990000009536743,3.809999942779541,3.9700000286102295,3.80832576751709,1413300,2020-02-03
2020-02-04,4.039999961853027,4.170000076293945,3.9800000190734863,4.139999866485596,3.971402645111084,2256600,2020-02-04
2020-02-05,4.210000038146973,4.28000020980835,4.090000152587891,4.28000020980835,4.105701446533203,1877300,2020-02-05
2020-02-06,4.320000171661377,4.329999923706055,4.130000114440918,4.159999847412109,3.9905881881713867,1253400,2020-02-06
2020-02-07,4.130000114440918,4.130000114440918,3.9100000858306885,3.930000066757202,3.7699549198150635,1227900,2020-02-07
2020-02-10,3.940000057220459,4.03000020980835,3.880000114440918,4.019999980926514,3.8562896251678467,2590800,2020-02-10
2020-02-11,4.079999923706055,4.309999942779541,4.0,4.300000190734863,4.124886989593506,2437300,2020-02-11
2020-02-12,4.389999866485596,4.429999828338623,4.269999980926514,4.340000152587891,4.163258075714111,2122100,2020-02-12
2020-02-13,4.300000190734863,4.300000190734863,3.990000009536743,4.010000228881836,3.8466970920562744,1770900,2020-02-13
2020-02-14,4.019999980926514,4.159999847412109,3.9600000381469727,4.119999885559082,3.9522171020507812,1942100,2020-02-14
2020-02-18,4.110000133514404,4.210000038146973,3.9000000953674316,4.019999980926514,3.8562896251678467,2497100,2020-02-18
2020-02-19,4.039999961853027,4.190000057220459,3.9800000190734863,4.139999866485596,3.971402645111084,2721800,2020-02-19
2020-02-20,4.110000133514404,4.289999961853027,4.110000133514404,4.230000019073486,4.057737350463867,2245200,2020-02-20
2020-02-21,4.230000019073486,4.230000019073486,4.050000190734863,4.119999885559082,3.9522171020507812,2064000,2020-02-21
2020-02-24,3.930000066757202,4.190000057220459,3.8299999237060547,4.179999828338623,4.0097737312316895,3427400,2020-02-24
2020-02-25,4.210000038146973,4.210000038146973,3.990000009536743,4.099999904632568,3.9330315589904785,4158900,2020-02-25
2020-02-26,4.150000095367432,4.150000095367432,3.819999933242798,3.9100000858306885,3.7507693767547607,5627200,2020-02-26
2020-02-27,3.990000009536743,4.0,3.450000047683716,3.6500000953674316,3.5013575553894043,5132200,2020-02-27
2020-02-28,3.6500000953674316,4.110000133514404,3.640000104904175,4.010000228881836,3.8466970920562744,6222200,2020-02-28
2020-03-02,4.019999980926514,4.03000020980835,3.6500000953674316,3.799999952316284,3.6452488899230957,4060600,2020-03-02
2020-03-03,3.7899999618530273,3.9700000286102295,3.450000047683716,3.4800000190734863,3.33828067779541,3849600,2020-03-03
2020-03-04,3.619999885559082,3.690000057220459,3.4700000286102295,3.619999885559082,3.472579002380371,3280200,2020-03-04
2020-03-05,3.490000009536743,3.5899999141693115,3.25,3.299999952316284,3.1656107902526855,3198600,2020-03-05
2020-03-06,3.25,3.2899999618530273,3.130000114440918,3.240000009536743,3.1080543994903564,3561600,2020-03-06
2020-03-09,2.819999933242798,3.1600000858306885,2.759999990463257,3.0999999046325684,2.9737555980682373,3298300,2020-03-09
2020-03-10,3.180000066757202,3.2300000190734863,2.630000114440918,2.7799999713897705,2.6667873859405518,3661700,2020-03-10
2020-03-11,2.6700000762939453,2.7799999713897705,2.490000009536743,2.559999942779541,2.455746650695801,3805800,2020-03-11
2020-03-12,2.259999990463257,2.2699999809265137,2.059999942779541,2.2100000381469727,2.120000123977661,4596500,2020-03-12
2020-03-13,2.309999942779541,2.3299999237060547,1.9800000190734863,2.130000114440918,2.130000114440918,3320100,2020-03-13
2020-03-16,1.9600000381469727,2.0299999713897705,1.7899999618530273,1.7999999523162842,1.7999999523162842,2230200,2020-03-16
2020-03-17,1.8200000524520874,1.899999976158142,1.6299999952316284,1.7999999523162842,1.7999999523162842,3613100,2020-03-17
2020-03-18,1.6299999952316284,1.7100000381469727,1.2899999618530273,1.5,1.5,2824700,2020-03-18
2020-03-19,1.4500000476837158,1.9199999570846558,1.4199999570846558,1.7400000095367432,1.7400000095367432,3159000,2020-03-19
2020-03-20,1.7400000095367432,1.909999966621399,1.659999966621399,1.850000023841858,1.850000023841858,8408900,2020-03-20
2020-03-23,1.840000033378601,1.909999966621399,1.5399999618530273,1.7300000190734863,1.7300000190734863,2287800,2020-03-23
2020-03-24,1.8300000429153442,1.9700000286102295,1.7599999904632568,1.840000033378601,1.840000033378601,1669300,2020-03-24
2020-03-25,1.840000033378601,2.0899999141693115,1.7799999713897705,1.899999976158142,1.899999976158142,1784400,2020-03-25
2020-03-26,1.899999976158142,2.0799999237060547,1.7999999523162842,1.8799999952316284,1.8799999952316284,1773400,2020-03-26
2020-03-27,1.8200000524520874,1.850000023841858,1.6299999952316284,1.7300000190734863,1.7300000190734863,984300,2020-03-27
2020-03-30,1.7599999904632568,1.7599999904632568,1.4199999570846558,1.4199999570846558,1.4199999570846558,1969400,2020-03-30
2020-03-31,1.4299999475479126,1.590000033378601,1.2799999713897705,1.2899999618530273,1.2899999618530273,2525900,2020-03-31
2020-04-01,1.25,1.25,1.1299999952316284,1.1399999856948853,1.1399999856948853,1673200,2020-04-01
2020-04-02,1.100000023841858,1.1299999952316284,1.0,1.0099999904632568,1.0099999904632568,1772300,2020-04-02
2020-04-03,1.0299999713897705,1.1200000047683716,0.9300000071525574,0.9599999785423279,0.9599999785423279,2520300,2020-04-03
2020-04-06,1.0,1.159999966621399,1.0,1.149999976158142,1.149999976158142,1663200,2020-04-06
2020-04-07,1.2300000190734863,1.4500000476837158,1.1799999475479126,1.25,1.25,2843900,2020-04-07
2020-04-08,1.2799999713897705,1.3799999952316284,1.2400000095367432,1.3200000524520874,1.3200000524520874,1670200,2020-04-08
2020-04-09,1.3300000429153442,1.7999999523162842,1.3300000429153442,1.649999976158142,1.649999976158142,4331400,2020-04-09
2020-04-13,1.659999966621399,1.690000057220459,1.4199999570846558,1.559999942779541,1.559999942779541,2707000,2020-04-13
2020-04-14,1.6399999856948853,1.75,1.5800000429153442,1.6200000047683716,1.6200000047683716,1458100,2020-04-14
2020-04-15,1.5399999618530273,1.5700000524520874,1.3600000143051147,1.409999966621399,1.409999966621399,885400,2020-04-15
2020-04-16,1.4700000286102295,1.4700000286102295,1.3200000524520874,1.350000023841858,1.350000023841858,1560500,2020-04-16
2020-04-17,1.4700000286102295,1.5299999713897705,1.2899999618530273,1.2999999523162842,1.2999999523162842,2336400,2020-04-17
2020-04-20,1.25,1.2799999713897705,1.149999976158142,1.1799999475479126,1.1799999475479126,2577900,2020-04-20
2020-04-21,1.149999976158142,1.190000057220459,0.9900000095367432,1.0800000429153442,1.0800000429153442,3878900,2020-04-21
2020-04-22,1.1100000143051147,1.2200000286102295,0.9900000095367432,1.0299999713897705,1.0299999713897705,3857800,2020-04-22
2020-04-23,1.0399999618530273,1.0800000429153442,0.9700000286102295,0.9800000190734863,0.9800000190734863,4073400,2020-04-23
2020-04-24,1.0299999713897705,1.0299999713897705,0.9399999976158142,0.9800000190734863,0.9800000190734863,2294800,2020-04-24
2020-04-27,1.0199999809265137,1.2999999523162842,0.9900000095367432,1.2599999904632568,1.2599999904632568,5804300,2020-04-27
2020-04-28,1.409999966621399,1.7000000476837158,1.3899999856948853,1.4199999570846558,1.4199999570846558,7519700,2020-04-28
2020-04-29,1.5399999618530273,1.6299999952316284,1.4299999475479126,1.5700000524520874,1.5700000524520874,3231800,2020-04-29
2020-04-30,1.600000023841858,1.6799999475479126,1.4299999475479126,1.5,1.5,3963200,2020-04-30
2020-05-01,1.4500000476837158,1.4800000190734863,1.2999999523162842,1.3700000047683716,1.3700000047683716,2085000,2020-05-01
2020-05-04,1.3300000429153442,1.409999966621399,1.2699999809265137,1.2699999809265137,1.2699999809265137,1404000,2020-05-04
2020-05-05,1.3200000524520874,1.3700000047683716,1.1699999570846558,1.1699999570846558,1.1699999570846558,2418900,2020-05-05
2020-05-06,1.2400000095367432,1.2400000095367432,1.100000023841858,1.1200000047683716,1.1200000047683716,4441400,2020-05-06
2020-05-07,1.1699999570846558,1.25,1.1299999952316284,1.2300000190734863,1.2300000190734863,2135800,2020-05-07
2020-05-08,1.2300000190734863,1.3899999856948853,1.2100000381469727,1.3700000047683716,1.3700000047683716,2404800,2020-05-08
2020-05-11,1.340000033378601,1.350000023841858,1.2300000190734863,1.2799999713897705,1.2799999713897705,2088400,2020-05-11
2020-05-12,1.2799999713897705,1.340000033378601,1.2400000095367432,1.25,1.25,1285700,2020-05-12
2020-05-13,1.2599999904632568,1.2999999523162842,1.059999942779541,1.1299999952316284,1.1299999952316284,2161300,2020-05-13
2020-05-14,1.090000033378601,1.159999966621399,1.0199999809265137,1.0800000429153442,1.0800000429153442,2112900,2020-05-14
2020-05-15,1.090000033378601,1.1699999570846558,1.0399999618530273,1.1299999952316284,1.1299999952316284,1697300,2020-05-15
2020-05-18,1.2599999904632568,1.2699999809265137,1.1699999570846558,1.2300000190734863,1.2300000190734863,2219900,2020-05-18
2020-05-19,1.2200000286102295,1.2599999904632568,1.159999966621399,1.1799999475479126,1.1799999475479126,1600900,2020-05-19
2020-05-20,1.2100000381469727,1.2300000190734863,1.159999966621399,1.2100000381469727,1.2100000381469727,1498100,2020-05-20
2020-05-21,1.2000000476837158,1.2899999618530273,1.190000057220459,1.2599999904632568,1.2599999904632568,1800800,2020-05-21
2020-05-22,1.2599999904632568,1.2999999523162842,1.2200000286102295,1.2999999523162842,1.2999999523162842,1435800,2020-05-22
2020-05-26,1.3600000143051147,1.5,1.3600000143051147,1.399999976158142,1.399999976158142,2427300,2020-05-26
2020-05-27,1.5,1.5399999618530273,1.3799999952316284,1.5099999904632568,1.5099999904632568,2918400,2020-05-27
2020-05-28,1.5700000524520874,1.6399999856948853,1.4900000095367432,1.5199999809265137,1.5199999809265137,2401500,2020-05-28
2020-05-29,1.4800000190734863,1.5199999809265137,1.350000023841858,1.350000023841858,1.350000023841858,2800600,2020-05-29
2020-06-01,1.3600000143051147,1.4600000381469727,1.2999999523162842,1.3899999856948853,1.3899999856948853,1495300,2020-06-01
2020-06-02,1.4500000476837158,1.5,1.409999966621399,1.4600000381469727,1.4600000381469727,2587600,2020-06-02
2020-06-03,1.5,1.659999966621399,1.4900000095367432,1.559999942779541,1.559999942779541,3735200,2020-06-03
2020-06-04,1.5800000429153442,1.909999966621399,1.5700000524520874,1.8300000429153442,1.8300000429153442,4212200,2020-06-04
2020-06-05,2.0199999809265137,2.25,1.9600000381469727,2.1700000762939453,2.1700000762939453,4855300,2020-06-05
2020-06-08,2.259999990463257,2.4800000190734863,2.140000104904175,2.4000000953674316,2.4000000953674316,5557700,2020-06-08
2020-06-09,2.200000047683716,2.3299999237060547,2.0399999618530273,2.0999999046325684,2.0999999046325684,5562300,2020-06-09
2020-06-10,1.9299999475479126,1.9500000476837158,1.5,1.5199999809265137,1.5199999809265137,5821800,2020-06-10
2020-06-11,1.350000023841858,1.4700000286102295,1.309999942779541,1.309999942779541,1.309999942779541,5193500,2020-06-11
2020-06-12,1.440000057220459,1.5,1.350000023841858,1.4900000095367432,1.4900000095367432,2947300,2020-06-12
2020-06-15,1.4199999570846558,1.4199999570846558,1.3200000524520874,1.399999976158142,1.399999976158142,2914900,2020-06-15
2020-06-16,1.600000023841858,1.6200000047683716,1.440000057220459,1.5199999809265137,1.5199999809265137,3035900,2020-06-16
2020-06-17,1.5099999904632568,1.5199999809265137,1.3700000047683716,1.3700000047683716,1.3700000047683716,2901000,2020-06-17
2020-06-18,1.3700000047683716,1.4600000381469727,1.350000023841858,1.3899999856948853,1.3899999856948853,2529900,2020-06-18
2020-06-19,1.4299999475479126,1.5099999904632568,1.3700000047683716,1.3899999856948853,1.3899999856948853,6637900,2020-06-19
2020-06-22,1.3899999856948853,1.440000057220459,1.3600000143051147,1.409999966621399,1.409999966621399,2590800,2020-06-22
2020-06-23,1.409999966621399,1.4199999570846558,1.3200000524520874,1.3300000429153442,1.3300000429153442,3535500,2020-06-23
2020-06-24,1.3300000429153442,1.3700000047683716,1.2300000190734863,1.25,1.25,2774700,2020-06-24
2020-06-25,1.2100000381469727,1.3200000524520874,1.2000000476837158,1.2699999809265137,1.2699999809265137,2860800,2020-06-25
2020-06-26,1.3300000429153442,1.3300000429153442,1.2100000381469727,1.2799999713897705,1.2799999713897705,9896000,2020-06-26
2020-06-29,1.2699999809265137,1.350000023841858,1.2599999904632568,1.3300000429153442,1.3300000429153442,1828300,2020-06-29
2020-06-30,1.3700000047683716,1.399999976158142,1.309999942779541,1.3799999952316284,1.3799999952316284,2451500,2020-06-30
2020-07-01,1.3899999856948853,1.4500000476837158,1.2999999523162842,1.3300000429153442,1.3300000429153442,2326800,2020-07-01
2020-07-02,1.3600000143051147,1.3799999952316284,1.2999999523162842,1.3300000429153442,1.3300000429153442,1444500,2020-07-02
2020-07-06,1.3700000047683716,1.3799999952316284,1.2999999523162842,1.3700000047683716,1.3700000047683716,1429800,2020-07-06
2020-07-07,1.3200000524520874,1.3600000143051147,1.2300000190734863,1.3300000429153442,1.3300000429153442,2791800,2020-07-07
2020-07-08,1.3200000524520874,1.3799999952316284,1.2799999713897705,1.350000023841858,1.350000023841858,2052100,2020-07-08
2020-07-09,1.3200000524520874,1.409999966621399,1.2400000095367432,1.3799999952316284,1.3799999952316284,4303200,2020-07-09
2020-07-10,1.3700000047683716,1.4500000476837158,1.2799999713897705,1.2899999618530273,1.2899999618530273,9159200,2020-07-10
2020-07-13,1.340000033378601,1.4500000476837158,1.309999942779541,1.4199999570846558,1.4199999570846558,3579900,2020-07-13
2020-07-14,1.409999966621399,1.4199999570846558,1.340000033378601,1.3899999856948853,1.3899999856948853,2409000,2020-07-14
2020-07-15,1.440000057220459,1.5299999713897705,1.4199999570846558,1.5199999809265137,1.5199999809265137,3702500,2020-07-15
2020-07-16,1.5099999904632568,1.600000023841858,1.4700000286102295,1.5700000524520874,1.5700000524520874,2346000,2020-07-16
2020-07-17,1.5499999523162842,1.5700000524520874,1.4500000476837158,1.4500000476837158,1.4500000476837158,1412800,2020-07-17
2020-07-20,1.4500000476837158,1.4500000476837158,1.350000023841858,1.3600000143051147,1.3600000143051147,1490200,2020-07-20
2020-07-21,1.3700000047683716,1.4600000381469727,1.3600000143051147,1.4299999475479126,1.4299999475479126,1295500,2020-07-21
2020-07-22,1.399999976158142,1.440000057220459,1.399999976158142,1.409999966621399,1.409999966621399,548800,2020-07-22
2020-07-23,1.4199999570846558,1.4500000476837158,1.3700000047683716,1.4199999570846558,1.4199999570846558,1273500,2020-07-23
2020-07-24,1.3899999856948853,1.440000057220459,1.3200000524520874,1.3200000524520874,1.3200000524520874,913600,2020-07-24
2020-07-27,1.340000033378601,1.399999976158142,1.309999942779541,1.3899999856948853,1.3899999856948853,1229700,2020-07-27
2020-07-28,1.3799999952316284,1.399999976158142,1.340000033378601,1.340000033378601,1.340000033378601,714500,2020-07-28
2020-07-29,1.350000023841858,1.440000057220459,1.350000023841858,1.4299999475479126,1.4299999475479126,1042600,2020-07-29
2020-07-30,1.3799999952316284,1.409999966621399,1.350000023841858,1.3600000143051147,1.3600000143051147,706100,2020-07-30
2020-07-31,1.350000023841858,1.3700000047683716,1.25,1.2699999809265137,1.2699999809265137,1824200,2020-07-31
2020-08-03,1.2699999809265137,1.2899999618530273,1.2200000286102295,1.2300000190734863,1.2300000190734863,1407900,2020-08-03
2020-08-04,1.2699999809265137,1.309999942779541,1.25,1.309999942779541,1.309999942779541,1419200,2020-08-04
2020-08-05,1.3200000524520874,1.350000023841858,1.2899999618530273,1.350000023841858,1.350000023841858,1009900,2020-08-05
2020-08-06,1.350000023841858,1.3700000047683716,1.309999942779541,1.3300000429153442,1.3300000429153442,610200,2020-08-06
2020-08-07,1.3200000524520874,1.399999976158142,1.2899999618530273,1.3899999856948853,1.3899999856948853,896500,2020-08-07
2020-08-10,1.399999976158142,1.4800000190734863,1.3899999856948853,1.4800000190734863,1.4800000190734863,2961100,2020-08-10
2020-08-11,1.4900000095367432,1.5700000524520874,1.399999976158142,1.5299999713897705,1.5299999713897705,2671200,2020-08-11
2020-08-12,1.559999942779541,1.5700000524520874,1.4800000190734863,1.5199999809265137,1.5199999809265137,977600,2020-08-12
2020-08-13,1.5099999904632568,1.559999942779541,1.4600000381469727,1.5399999618530273,1.5399999618530273,851000,2020-08-13
2020-08-14,1.5299999713897705,1.600000023841858,1.4900000095367432,1.5299999713897705,1.5299999713897705,991900,2020-08-14
2020-08-17,1.5199999809265137,1.559999942779541,1.5,1.5399999618530273,1.5399999618530273,792300,2020-08-17
2020-08-18,1.5299999713897705,1.5499999523162842,1.409999966621399,1.4199999570846558,1.4199999570846558,1361000,2020-08-18
2020-08-19,1.4199999570846558,1.4600000381469727,1.3899999856948853,1.440000057220459,1.440000057220459,1102900,2020-08-19
2020-08-20,1.399999976158142,1.440000057220459,1.3799999952316284,1.409999966621399,1.409999966621399,658400,2020-08-20
2020-08-21,1.409999966621399,1.4299999475479126,1.3300000429153442,1.3300000429153442,1.3300000429153442,1324400,2020-08-21
2020-08-24,1.3700000047683716,1.3799999952316284,1.2899999618530273,1.3300000429153442,1.3300000429153442,1770800,2020-08-24
2020-08-25,1.350000023841858,1.3700000047683716,1.2799999713897705,1.2799999713897705,1.2799999713897705,1493800,2020-08-25
2020-08-26,1.3200000524520874,1.6200000047683716,1.3200000524520874,1.5700000524520874,1.5700000524520874,9134100,2020-08-26
2020-08-27,1.5199999809265137,1.5399999618530273,1.3700000047683716,1.3799999952316284,1.3799999952316284,2208800,2020-08-27
2020-08-28,1.3899999856948853,1.4299999475479126,1.3700000047683716,1.3899999856948853,1.3899999856948853,819000,2020-08-28
2020-08-31,1.3799999952316284,1.409999966621399,1.2799999713897705,1.2799999713897705,1.2799999713897705,2499800,2020-08-31
2020-09-01,1.2999999523162842,1.340000033378601,1.2699999809265137,1.2999999523162842,1.2999999523162842,1812400,2020-09-01
2020-09-02,1.340000033378601,1.340000033378601,1.2699999809265137,1.2699999809265137,1.2699999809265137,1026900,2020-09-02
2020-09-03,1.2699999809265137,1.309999942779541,1.25,1.2599999904632568,1.2599999904632568,1042500,2020-09-03
2020-09-04,1.2899999618530273,1.2999999523162842,1.2100000381469727,1.2200000286102295,1.2200000286102295,2182100,2020-09-04
2020-09-08,1.2100000381469727,1.2400000095367432,1.1100000143051147,1.1100000143051147,1.1100000143051147,2304700,2020-09-08
2020-09-09,1.159999966621399,1.2100000381469727,1.100000023841858,1.1200000047683716,1.1200000047683716,2094100,2020-09-09
2020-09-10,1.1399999856948853,1.2699999809265137,1.1299999952316284,1.149999976158142,1.149999976158142,1504100,2020-09-10
2020-09-11,1.2000000476837158,1.2000000476837158,1.0800000429153442,1.1399999856948853,1.1399999856948853,1506700,2020-09-11
2020-09-14,1.149999976158142,1.190000057220459,1.1399999856948853,1.159999966621399,1.159999966621399,1129200,2020-09-14
2020-09-15,1.1699999570846558,1.1799999475479126,1.1299999952316284,1.159999966621399,1.159999966621399,696200,2020-09-15
2020-09-16,1.1699999570846558,1.2100000381469727,1.159999966621399,1.1699999570846558,1.1699999570846558,1633200,2020-09-16
2020-09-17,1.1699999570846558,1.190000057220459,1.1299999952316284,1.1399999856948853,1.1399999856948853,1558400,2020-09-17
2020-09-18,1.159999966621399,1.1699999570846558,1.1299999952316284,1.159999966621399,1.159999966621399,2671400,2020-09-18
2020-09-21,1.1299999952316284,1.159999966621399,1.100000023841858,1.100000023841858,1.100000023841858,1722900,2020-09-21
2020-09-22,1.1100000143051147,1.1200000047683716,1.059999942779541,1.059999942779541,1.059999942779541,1830000,2020-09-22
2020-09-23,1.059999942779541,1.090000033378601,1.0099999904632568,1.0099999904632568,1.0099999904632568,2044700,2020-09-23
2020-09-24,1.0099999904632568,1.0199999809265137,0.949999988079071,0.9900000095367432,0.9900000095367432,2687500,2020-09-24
2020-09-25,1.0399999618530273,1.0399999618530273,0.9700000286102295,0.9900000095367432,0.9900000095367432,1233400,2020-09-25
2020-09-28,1.0199999809265137,1.0700000524520874,0.9900000095367432,1.0099999904632568,1.0099999904632568,1251200,2020-09-28
2020-09-29,1.0099999904632568,1.0199999809265137,0.9700000286102295,0.9800000190734863,0.9800000190734863,1959300,2020-09-29
2020-09-30,1.0499999523162842,1.0499999523162842,0.9599999785423279,0.9700000286102295,0.9700000286102295,1458100,2020-09-30
2020-10-01,0.9700000286102295,1.0,0.9399999976158142,0.9700000286102295,0.9700000286102295,1098200,2020-10-01
2020-10-02,0.9300000071525574,1.0800000429153442,0.9100000262260437,1.0,1.0,3251800,2020-10-02
2020-10-05,1.0,1.0800000429153442,0.9800000190734863,0.9900000095367432,0.9900000095367432,1307100,2020-10-05
2020-10-06,1.0,1.0399999618530273,0.9200000166893005,0.9200000166893005,0.9200000166893005,3280700,2020-10-06
2020-10-07,0.9599999785423279,1.0,0.9399999976158142,0.9800000190734863,0.9800000190734863,1666800,2020-10-07
2020-10-08,0.9900000095367432,1.0399999618530273,0.9700000286102295,1.0399999618530273,1.0399999618530273,1402700,2020-10-08
2020-10-09,1.0399999618530273,1.1699999570846558,1.0399999618530273,1.1699999570846558,1.1699999570846558,2860000,2020-10-09
2020-10-12,1.1299999952316284,1.2599999904632568,1.100000023841858,1.159999966621399,1.159999966621399,1947900,2020-10-12
2020-10-13,1.1399999856948853,1.159999966621399,1.100000023841858,1.1200000047683716,1.1200000047683716,1136100,2020-10-13
2020-10-14,1.1299999952316284,1.2400000095367432,1.100000023841858,1.1799999475479126,1.1799999475479126,1998700,2020-10-14
2020-10-15,1.159999966621399,1.2300000190734863,1.1200000047683716,1.2200000286102295,1.2200000286102295,1680200,2020-10-15
2020-10-16,1.2000000476837158,1.2899999618530273,1.2000000476837158,1.2100000381469727,1.2100000381469727,1104000,2020-10-16
2020-10-19,1.2300000190734863,1.2699999809265137,1.190000057220459,1.190000057220459,1.190000057220459,804500,2020-10-19
2020-10-20,1.190000057220459,1.2300000190734863,1.1699999570846558,1.1699999570846558,1.1699999570846558,981200,2020-10-20
2020-10-21,1.190000057220459,1.2000000476837158,1.1299999952316284,1.1299999952316284,1.1299999952316284,471500,2020-10-21
2020-10-22,1.1399999856948853,1.2000000476837158,1.1399999856948853,1.1699999570846558,1.1699999570846558,1380700,2020-10-22
2020-10-23,1.2000000476837158,1.2100000381469727,1.1299999952316284,1.2000000476837158,1.2000000476837158,563100,2020-10-23
2020-10-26,1.1799999475479126,1.2200000286102295,1.149999976158142,1.190000057220459,1.190000057220459,801500,2020-10-26
2020-10-27,1.2100000381469727,1.2100000381469727,1.0700000524520874,1.090000033378601,1.090000033378601,1379900,2020-10-27
2020-10-28,1.0499999523162842,1.2400000095367432,1.0,1.0700000524520874,1.0700000524520874,3337200,2020-10-28
2020-10-29,1.0499999523162842,1.1399999856948853,1.0499999523162842,1.0499999523162842,1.0499999523162842,1294300,2020-10-29
2020-10-30,1.0499999523162842,1.1399999856948853,1.0199999809265137,1.0700000524520874,1.0700000524520874,1962800,2020-10-30
2020-11-02,1.090000033378601,1.1200000047683716,1.059999942779541,1.1100000143051147,1.1100000143051147,1056300,2020-11-02
2020-11-03,1.1200000047683716,1.2300000190734863,1.1200000047683716,1.2300000190734863,1.2300000190734863,1512600,2020-11-03
2020-11-04,1.2300000190734863,1.2899999618530273,1.1699999570846558,1.2200000286102295,1.2200000286102295,1154400,2020-11-04
2020-11-05,1.2300000190734863,1.2899999618530273,1.2200000286102295,1.2699999809265137,1.2699999809265137,1065000,2020-11-05
2020-11-06,1.2699999809265137,1.440000057220459,1.2200000286102295,1.409999966621399,1.409999966621399,2691800,2020-11-06
2020-11-09,1.5399999618530273,1.649999976158142,1.350000023841858,1.5099999904632568,1.5099999904632568,4840900,2020-11-09
2020-11-10,1.4700000286102295,1.5099999904632568,1.409999966621399,1.409999966621399,1.409999966621399,2369200,2020-11-10
2020-11-11,1.399999976158142,1.4299999475479126,1.309999942779541,1.3700000047683716,1.3700000047683716,908900,2020-11-11
2020-11-12,1.340000033378601,1.3600000143051147,1.2899999618530273,1.309999942779541,1.309999942779541,1055300,2020-11-12
2020-11-13,1.3200000524520874,1.4500000476837158,1.2899999618530273,1.3700000047683716,1.3700000047683716,1397000,2020-11-13
2020-11-16,1.409999966621399,1.4900000095367432,1.399999976158142,1.4500000476837158,1.4500000476837158,927800,2020-11-16
2020-11-17,1.3700000047683716,1.5199999809265137,1.3700000047683716,1.5,1.5,1667800,2020-11-17
2020-11-18,1.5399999618530273,1.8600000143051147,1.5299999713897705,1.7699999809265137,1.7699999809265137,3543500,2020-11-18
2020-11-19,1.7699999809265137,1.840000033378601,1.6799999475479126,1.7999999523162842,1.7999999523162842,1262300,2020-11-19
2020-11-20,1.7899999618530273,1.7999999523162842,1.6699999570846558,1.7000000476837158,1.7000000476837158,1540700,2020-11-20
2020-11-23,1.75,1.840000033378601,1.7100000381469727,1.7699999809265137,1.7699999809265137,2752200,2020-11-23
2020-11-24,1.75,1.7999999523162842,1.5700000524520874,1.600000023841858,1.600000023841858,4936100,2020-11-24
2020-11-25,1.6399999856948853,1.690000057220459,1.590000033378601,1.6200000047683716,1.6200000047683716,1290200,2020-11-25
2020-11-27,1.6200000047683716,1.659999966621399,1.5499999523162842,1.6200000047683716,1.6200000047683716,1164900,2020-11-27
2020-11-30,1.6299999952316284,1.659999966621399,1.5,1.5099999904632568,1.5099999904632568,1413400,2020-11-30
2020-12-01,1.5399999618530273,1.6200000047683716,1.5199999809265137,1.5800000429153442,1.5800000429153442,2521100,2020-12-01
2020-12-02,1.5800000429153442,1.7000000476837158,1.5499999523162842,1.7000000476837158,1.7000000476837158,1744800,2020-12-02
2020-12-03,1.7000000476837158,1.7100000381469727,1.6100000143051147,1.649999976158142,1.649999976158142,1258600,2020-12-03
2020-12-04,1.659999966621399,1.659999966621399,1.600000023841858,1.6299999952316284,1.6299999952316284,939400,2020-12-04
2020-12-07,1.6399999856948853,1.649999976158142,1.559999942779541,1.600000023841858,1.600000023841858,1169900,2020-12-07
2020-12-08,1.5800000429153442,1.6799999475479126,1.5800000429153442,1.6200000047683716,1.6200000047683716,1496400,2020-12-08
2020-12-09,1.649999976158142,1.6699999570846558,1.5800000429153442,1.600000023841858,1.600000023841858,1087800,2020-12-09
2020-12-10,1.590000033378601,1.6299999952316284,1.5499999523162842,1.5499999523162842,1.5499999523162842,1437000,2020-12-10
2020-12-11,1.5499999523162842,1.559999942779541,1.4600000381469727,1.4800000190734863,1.4800000190734863,1619900,2020-12-11
2020-12-14,1.5099999904632568,1.5399999618530273,1.3899999856948853,1.4600000381469727,1.4600000381469727,2457300,2020-12-14
2020-12-15,1.4600000381469727,1.5299999713897705,1.3799999952316284,1.5099999904632568,1.5099999904632568,2053200,2020-12-15
2020-12-16,1.5099999904632568,1.590000033378601,1.4900000095367432,1.590000033378601,1.590000033378601,1745100,2020-12-16
2020-12-17,1.5800000429153442,1.7000000476837158,1.5399999618530273,1.600000023841858,1.600000023841858,3402400,2020-12-17
2020-12-18,1.6100000143051147,1.6100000143051147,1.5,1.5099999904632568,1.5099999904632568,3560600,2020-12-18
2020-12-21,1.4600000381469727,1.5299999713897705,1.4299999475479126,1.4900000095367432,1.4900000095367432,1809000,2020-12-21
2020-12-22,1.4900000095367432,1.5,1.399999976158142,1.4900000095367432,1.4900000095367432,2056800,2020-12-22
2020-12-23,1.4800000190734863,1.5800000429153442,1.4700000286102295,1.5499999523162842,1.5499999523162842,1188600,2020-12-23
2020-12-24,1.5299999713897705,1.5499999523162842,1.4800000190734863,1.4900000095367432,1.4900000095367432,524800,2020-12-24
2020-12-28,1.5199999809265137,2.0799999237060547,1.5099999904632568,1.899999976158142,1.899999976158142,7423800,2020-12-28
2020-12-29,1.909999966621399,2.0999999046325684,1.649999976158142,1.7000000476837158,1.7000000476837158,3420400,2020-12-29
2020-12-30,1.7100000381469727,1.7400000095367432,1.6399999856948853,1.6799999475479126,1.6799999475479126,1090000,2020-12-30
2020-12-31,1.649999976158142,1.690000057220459,1.590000033378601,1.590000033378601,1.590000033378601,1584000,2020-12-31
2021-01-04,1.600000023841858,1.7000000476837158,1.5199999809265137,1.6799999475479126,1.6799999475479126,2499500,2021-01-04
2021-01-05,1.649999976158142,1.809999942779541,1.649999976158142,1.7899999618530273,1.7899999618530273,2270600,2021-01-05
2021-01-06,1.8200000524520874,1.909999966621399,1.7699999809265137,1.7999999523162842,1.7999999523162842,3133300,2021-01-06
2021-01-07,1.8600000143051147,1.8700000047683716,1.7300000190734863,1.7599999904632568,1.7599999904632568,1446900,2021-01-07
2021-01-08,1.7599999904632568,1.7899999618530273,1.6799999475479126,1.7100000381469727,1.7100000381469727,1287900,2021-01-08
2021-01-11,1.690000057220459,1.7799999713897705,1.690000057220459,1.7400000095367432,1.7400000095367432,874200,2021-01-11
2021-01-12,1.7400000095367432,1.840000033378601,1.7200000286102295,1.7899999618530273,1.7899999618530273,1161500,2021-01-12
2021-01-13,1.7799999713897705,1.8300000429153442,1.7300000190734863,1.7300000190734863,1.7300000190734863,1119100,2021-01-13
2021-01-14,1.7599999904632568,1.909999966621399,1.7599999904632568,1.899999976158142,1.899999976158142,2620400,2021-01-14
2021-01-15,1.8600000143051147,1.9900000095367432,1.809999942779541,1.940000057220459,1.940000057220459,1968900,2021-01-15
2021-01-19,1.9600000381469727,2.140000104904175,1.8700000047683716,2.0999999046325684,2.0999999046325684,2677700,2021-01-19
2021-01-20,2.140000104904175,2.2100000381469727,2.0,2.009999990463257,2.009999990463257,1516800,2021-01-20
2021-01-21,2.0199999809265137,2.2100000381469727,2.0,2.1600000858306885,2.1600000858306885,1587100,2021-01-21
2021-01-22,2.140000104904175,2.240000009536743,2.0399999618530273,2.180000066757202,2.180000066757202,2157100,2021-01-22
2021-01-25,2.380000114440918,3.25,2.3299999237060547,2.680000066757202,2.680000066757202,8234100,2021-01-25
2021-01-26,2.690000057220459,2.7100000381469727,2.2699999809265137,2.4600000381469727,2.4600000381469727,4766300,2021-01-26
2021-01-27,3.0399999618530273,3.130000114440918,2.619999885559082,2.940000057220459,2.940000057220459,9715700,2021-01-27
2021-01-28,3.4700000286102295,3.5199999809265137,2.180000066757202,2.25,2.25,11923500,2021-01-28
2021-01-29,2.5399999618530273,3.0899999141693115,2.2100000381469727,2.2100000381469727,2.2100000381469727,6841000,2021-01-29
2021-02-01,2.2899999618530273,2.369999885559082,2.009999990463257,2.2300000190734863,2.2300000190734863,4270500,2021-02-01
2021-02-02,2.2200000286102295,2.240000009536743,2.069999933242798,2.1700000762939453,2.1700000762939453,2945100,2021-02-02
2021-02-03,2.1600000858306885,2.319999933242798,2.1500000953674316,2.2200000286102295,2.2200000286102295,3144900,2021-02-03
2021-02-04,2.2200000286102295,2.3299999237060547,2.1500000953674316,2.319999933242798,2.319999933242798,2205500,2021-02-04
2021-02-05,2.3399999141693115,2.450000047683716,2.25,2.2899999618530273,2.2899999618530273,2009500,2021-02-05
2021-02-08,2.309999942779541,2.4200000762939453,2.2799999713897705,2.4200000762939453,2.4200000762939453,2454200,2021-02-08
2021-02-09,2.4000000953674316,2.630000114440918,2.3399999141693115,2.619999885559082,2.619999885559082,3055200,2021-02-09
2021-02-10,2.619999885559082,2.799999952316284,2.509999990463257,2.6600000858306885,2.6600000858306885,3365600,2021-02-10
2021-02-11,2.690000057220459,2.880000114440918,2.630000114440918,2.700000047683716,2.700000047683716,2725500,2021-02-11
2021-02-12,2.630000114440918,2.7799999713897705,2.569999933242798,2.7200000286102295,2.7200000286102295,1994700,2021-02-12
2021-02-16,2.6600000858306885,2.9600000381469727,2.6600000858306885,2.940000057220459,2.940000057220459,2450500,2021-02-16
2021-02-17,2.880000114440918,2.9800000190734863,2.809999942779541,2.880000114440918,2.880000114440918,1712200,2021-02-17
2021-02-18,2.880000114440918,2.880000114440918,2.5799999237060547,2.700000047683716,2.700000047683716,2829600,2021-02-18
2021-02-19,2.700000047683716,2.7799999713897705,2.690000057220459,2.759999990463257,2.759999990463257,1094800,2021-02-19
2021-02-22,2.7300000190734863,2.7799999713897705,2.359999895095825,2.4000000953674316,2.4000000953674316,6758000,2021-02-22
2021-02-23,2.359999895095825,2.619999885559082,2.1500000953674316,2.490000009536743,2.490000009536743,2647100,2021-02-23
2021-02-24,2.5299999713897705,2.6600000858306885,2.5,2.569999933242798,2.569999933242798,1653500,2021-02-24
2021-02-25,2.5799999237060547,2.7300000190734863,2.559999942779541,2.5799999237060547,2.5799999237060547,2486400,2021-02-25
2021-02-26,2.5899999141693115,2.759999990463257,2.4800000190734863,2.690000057220459,2.690000057220459,2410400,2021-02-26
2021-03-01,2.75,2.799999952316284,2.5,2.549999952316284,2.549999952316284,2536600,2021-03-01
2021-03-02,2.450000047683716,2.680000066757202,2.3399999141693115,2.6500000953674316,2.6500000953674316,4211600,2021-03-02
2021-03-03,2.6500000953674316,2.6500000953674316,2.380000114440918,2.559999942779541,2.559999942779541,2195900,2021-03-03
2021-03-04,2.5399999618530273,2.549999952316284,2.2300000190734863,2.380000114440918,2.380000114440918,2707700,2021-03-04
2021-03-05,2.3399999141693115,2.4200000762939453,2.119999885559082,2.3399999141693115,2.3399999141693115,2962000,2021-03-05
2021-03-08,2.3399999141693115,3.119999885559082,2.299999952316284,3.0899999141693115,3.0899999141693115,10391500,2021-03-08
2021-03-09,3.0399999618530273,3.319999933242798,2.7699999809265137,3.190000057220459,3.190000057220459,4116100,2021-03-09
2021-03-10,3.0799999237060547,3.450000047683716,2.940000057220459,3.0199999809265137,3.0199999809265137,3208100,2021-03-10
2021-03-11,3.069999933242798,3.5299999713897705,3.0299999713897705,3.5199999809265137,3.5199999809265137,3218600,2021-03-11
2021-03-12,3.4600000381469727,3.630000114440918,3.4100000858306885,3.549999952316284,3.549999952316284,2221600,2021-03-12
2021-03-15,3.6700000762939453,4.119999885559082,3.369999885559082,3.369999885559082,3.369999885559082,4722100,2021-03-15
2021-03-16,3.450000047683716,3.8499999046325684,3.430000066757202,3.549999952316284,3.549999952316284,2491700,2021-03-16
2021-03-17,3.5,3.6700000762939453,3.450000047683716,3.490000009536743,3.490000009536743,1693100,2021-03-17
2021-03-18,3.5199999809265137,4.0,3.5,3.630000114440918,3.630000114440918,2555600,2021-03-18
2021-03-19,3.619999885559082,3.8499999046325684,3.549999952316284,3.680000066757202,3.680000066757202,3513700,2021-03-19
2021-03-22,3.7200000286102295,3.7300000190734863,3.5,3.5899999141693115,3.5899999141693115,1393300,2021-03-22
2021-03-23,3.569999933242798,3.569999933242798,3.190000057220459,3.2100000381469727,3.2100000381469727,1803500,2021-03-23
2021-03-24,3.309999942779541,3.450000047683716,3.2899999618530273,3.3299999237060547,3.3299999237060547,1617000,2021-03-24
2021-03-25,3.2699999809265137,3.559999942779541,3.049999952316284,3.549999952316284,3.549999952316284,1930400,2021-03-25
2021-03-26,3.5399999618530273,3.5999999046325684,3.1600000858306885,3.25,3.25,2094400,2021-03-26
2021-03-29,3.240000009536743,3.430000066757202,3.2100000381469727,3.2300000190734863,3.2300000190734863,1231900,2021-03-29
2021-03-30,3.2100000381469727,3.3299999237060547,3.130000114440918,3.2899999618530273,3.2899999618530273,1213900,2021-03-30
2021-03-31,3.319999933242798,3.4200000762939453,3.240000009536743,3.309999942779541,3.309999942779541,1298500,2021-03-31
2021-04-01,3.390000104904175,3.4000000953674316,3.2100000381469727,3.25,3.25,1104500,2021-04-01
2021-04-05,3.319999933242798,3.319999933242798,3.240000009536743,3.2699999809265137,3.2699999809265137,1021700,2021-04-05
2021-04-06,3.2699999809265137,3.509999990463257,3.25,3.299999952316284,3.299999952316284,1381700,2021-04-06
2021-04-07,3.299999952316284,3.5,3.299999952316284,3.369999885559082,3.369999885559082,1374700,2021-04-07
2021-04-08,3.380000114440918,3.4000000953674316,3.140000104904175,3.2100000381469727,3.2100000381469727,1736500,2021-04-08
2021-04-09,3.2300000190734863,3.3399999141693115,3.2200000286102295,3.25,3.25,1040000,2021-04-09
2021-04-12,3.240000009536743,3.2699999809265137,3.140000104904175,3.2100000381469727,3.2100000381469727,823100,2021-04-12
2021-04-13,3.1600000858306885,3.190000057220459,3.0,3.049999952316284,3.049999952316284,1375100,2021-04-13
2021-04-14,3.069999933242798,3.2300000190734863,3.069999933242798,3.1600000858306885,3.1600000858306885,960400,2021-04-14
2021-04-15,3.200000047683716,3.240000009536743,3.0799999237060547,3.1600000858306885,3.1600000858306885,722000,2021-04-15
2021-04-16,3.1700000762939453,3.190000057220459,3.0299999713897705,3.0299999713897705,3.0299999713897705,1148600,2021-04-16
2021-04-19,3.0199999809265137,3.0299999713897705,2.819999933242798,2.9600000381469727,2.9600000381469727,1126200,2021-04-19
2021-04-20,2.950000047683716,2.950000047683716,2.6700000762939453,2.809999942779541,2.809999942779541,1559200,2021-04-20
2021-04-21,2.799999952316284,3.0399999618530273,2.7300000190734863,2.9800000190734863,2.9800000190734863,1199700,2021-04-21
2021-04-22,3.0,3.0399999618530273,2.880000114440918,2.890000104904175,2.890000104904175,753700,2021-04-22
2021-04-23,2.9100000858306885,3.009999990463257,2.8399999141693115,2.9800000190734863,2.9800000190734863,626000,2021-04-23
2021-04-26,3.0,3.069999933242798,2.9600000381469727,3.0199999809265137,3.0199999809265137,935900,2021-04-26
2021-04-27,3.0199999809265137,3.1700000762939453,2.990000009536743,3.0299999713897705,3.0299999713897705,1077600,2021-04-27
2021-04-28,3.009999990463257,3.059999942779541,2.9800000190734863,3.0299999713897705,3.0299999713897705,767400,2021-04-28
2021-04-29,3.049999952316284,3.0899999141693115,2.9700000286102295,3.0,3.0,824700,2021-04-29
2021-04-30,2.990000009536743,3.059999942779541,2.940000057220459,3.0,3.0,1173100,2021-04-30
2021-05-03,3.0199999809265137,3.240000009536743,2.9800000190734863,3.2300000190734863,3.2300000190734863,1671000,2021-05-03
2021-05-04,3.240000009536743,3.25,3.0399999618530273,3.2200000286102295,3.2200000286102295,1223700,2021-05-04
2021-05-05,3.2100000381469727,3.440000057220459,3.190000057220459,3.380000114440918,3.380000114440918,2468700,2021-05-05
2021-05-06,3.380000114440918,3.680000066757202,3.369999885559082,3.619999885559082,3.619999885559082,2958300,2021-05-06
2021-05-07,3.549999952316284,3.640000104904175,3.430000066757202,3.5999999046325684,3.5999999046325684,1152100,2021-05-07
2021-05-10,3.619999885559082,3.799999952316284,3.5399999618530273,3.630000114440918,3.630000114440918,1628100,2021-05-10
2021-05-11,3.5399999618530273,3.75,3.4100000858306885,3.75,3.75,1068200,2021-05-11
2021-05-12,3.700000047683716,3.7200000286102295,3.509999990463257,3.559999942779541,3.559999942779541,1219400,2021-05-12
2021-05-13,3.5899999141693115,3.7100000381469727,3.5,3.6500000953674316,3.6500000953674316,1061200,2021-05-13
2021-05-14,3.6600000858306885,4.210000038146973,3.6600000858306885,4.210000038146973,4.210000038146973,3038100,2021-05-14
2021-05-17,4.199999809265137,4.539999961853027,4.010000228881836,4.429999828338623,4.429999828338623,2607400,2021-05-17
2021-05-18,4.539999961853027,4.920000076293945,4.5,4.710000038146973,4.710000038146973,2897400,2021-05-18
2021-05-19,4.599999904632568,4.619999885559082,4.21999979019165,4.53000020980835,4.53000020980835,2313400,2021-05-19
2021-05-20,4.570000171661377,4.570000171661377,4.360000133514404,4.460000038146973,4.460000038146973,916800,2021-05-20
2021-05-21,4.5,4.579999923706055,4.360000133514404,4.380000114440918,4.380000114440918,1118600,2021-05-21
2021-05-24,4.460000038146973,4.5,4.230000019073486,4.269999980926514,4.269999980926514,1820700,2021-05-24
2021-05-25,4.269999980926514,4.409999847412109,3.9800000190734863,4.019999980926514,4.019999980926514,1707200,2021-05-25
2021-05-26,4.079999923706055,4.440000057220459,4.019999980926514,4.420000076293945,4.420000076293945,1469500,2021-05-26
2021-05-27,4.429999828338623,4.53000020980835,4.320000171661377,4.389999866485596,4.389999866485596,1914400,2021-05-27
2021-05-28,4.400000095367432,4.949999809265137,4.369999885559082,4.650000095367432,4.650000095367432,3173000,2021-05-28
2021-06-01,4.670000076293945,5.389999866485596,4.619999885559082,5.300000190734863,5.300000190734863,2779700,2021-06-01
2021-06-02,5.289999961853027,5.389999866485596,4.980000019073486,5.380000114440918,5.380000114440918,2517100,2021-06-02
2021-06-03,5.380000114440918,5.71999979019165,5.21999979019165,5.400000095367432,5.400000095367432,2547500,2021-06-03
2021-06-04,5.449999809265137,5.619999885559082,5.289999961853027,5.380000114440918,5.380000114440918,1216600,2021-06-04
2021-06-07,5.480000019073486,6.079999923706055,5.460000038146973,5.75,5.75,3116200,2021-06-07
2021-06-08,6.170000076293945,6.480000019073486,5.599999904632568,6.300000190734863,6.300000190734863,3629300,2021-06-08
2021-06-09,6.25,6.289999961853027,5.570000171661377,5.610000133514404,5.610000133514404,3594300,2021-06-09
2021-06-10,5.619999885559082,5.78000020980835,5.320000171661377,5.360000133514404,5.360000133514404,2663100,2021-06-10
2021-06-11,5.360000133514404,5.78000020980835,5.309999942779541,5.75,5.75,1646400,2021-06-11
2021-06-14,5.71999979019165,5.849999904632568,5.380000114440918,5.53000020980835,5.53000020980835,2206700,2021-06-14
2021-06-15,5.590000152587891,5.599999904632568,5.159999847412109,5.289999961853027,5.289999961853027,2513900,2021-06-15
2021-06-16,5.210000038146973,5.550000190734863,5.150000095367432,5.519999980926514,5.519999980926514,1811700,2021-06-16
2021-06-17,5.5,5.539999961853027,5.059999942779541,5.159999847412109,5.159999847412109,2565300,2021-06-17
2021-06-18,5.119999885559082,5.340000152587891,4.989999771118164,5.079999923706055,5.079999923706055,4891200,2021-06-18
2021-06-21,5.059999942779541,5.579999923706055,5.059999942779541,5.449999809265137,5.449999809265137,1804600,2021-06-21
2021-06-22,5.389999866485596,5.619999885559082,5.309999942779541,5.599999904632568,5.599999904632568,1498300,2021-06-22
2021-06-23,5.659999847412109,6.050000190734863,5.619999885559082,5.949999809265137,5.949999809265137,1772600,2021-06-23
2021-06-24,6.019999980926514,6.349999904632568,5.840000152587891,6.289999961853027,6.289999961853027,1936500,2021-06-24
2021-06-25,6.46999979019165,7.289999961853027,6.380000114440918,6.929999828338623,6.929999828338623,6877500,2021-06-25
2021-06-28,6.920000076293945,7.059999942779541,6.360000133514404,6.53000020980835,6.53000020980835,2903600,2021-06-28
2021-06-29,6.619999885559082,6.739999771118164,6.260000228881836,6.28000020980835,6.28000020980835,2506100,2021-06-29
2021-06-30,6.25,6.820000171661377,6.110000133514404,6.579999923706055,6.579999923706055,2670300,2021-06-30
2021-07-01,6.659999847412109,6.78000020980835,6.489999771118164,6.659999847412109,6.659999847412109,1483400,2021-07-01
2021-07-02,6.659999847412109,6.730000019073486,6.489999771118164,6.630000114440918,6.630000114440918,1130500,2021-07-02
2021-07-06,6.559999942779541,6.570000171661377,6.28000020980835,6.400000095367432,6.400000095367432,1445400,2021-07-06
2021-07-07,6.349999904632568,6.690000057220459,6.130000114440918,6.210000038146973,6.210000038146973,1797600,2021-07-07
2021-07-08,5.909999847412109,6.340000152587891,5.78000020980835,6.170000076293945,6.170000076293945,1718800,2021-07-08
2021-07-09,6.360000133514404,7.050000190734863,6.360000133514404,6.96999979019165,6.96999979019165,2436700,2021-07-09
2021-07-12,6.96999979019165,7.03000020980835,6.550000190734863,6.880000114440918,6.880000114440918,1256200,2021-07-12
2021-07-13,6.760000228881836,6.860000133514404,6.369999885559082,6.380000114440918,6.380000114440918,1496400,2021-07-13
2021-07-14,6.46999979019165,6.639999866485596,6.260000228881836,6.260000228881836,6.260000228881836,2024100,2021-07-14
2021-07-15,6.199999809265137,6.449999809265137,6.0,6.079999923706055,6.079999923706055,1736900,2021-07-15
2021-07-16,6.110000133514404,6.239999771118164,5.769999980926514,5.849999904632568,5.849999904632568,1435000,2021-07-16
2021-07-19,5.559999942779541,5.869999885559082,5.429999828338623,5.579999923706055,5.579999923706055,2425300,2021-07-19
2021-07-20,5.550000190734863,6.119999885559082,5.460000038146973,5.96999979019165,5.96999979019165,2254800,2021-07-20
2021-07-21,6.039999961853027,6.28000020980835,6.039999961853027,6.130000114440918,6.130000114440918,1471600,2021-07-21
2021-07-22,6.179999828338623,6.179999828338623,5.820000171661377,5.889999866485596,5.889999866485596,1250500,2021-07-22
2021-07-23,5.900000095367432,6.050000190734863,5.769999980926514,5.980000019073486,5.980000019073486,1058000,2021-07-23
2021-07-26,6.019999980926514,6.46999979019165,6.019999980926514,6.389999866485596,6.389999866485596,1762700,2021-07-26
2021-07-27,6.349999904632568,6.389999866485596,5.829999923706055,6.0,6.0,1404000,2021-07-27
2021-07-28,6.059999942779541,6.230000019073486,5.829999923706055,6.039999961853027,6.039999961853027,1436100,2021-07-28
2021-07-29,6.139999866485596,6.460000038146973,6.050000190734863,6.340000152587891,6.340000152587891,1347800,2021-07-29
2021-07-30,6.269999980926514,6.369999885559082,6.059999942779541,6.179999828338623,6.179999828338623,1035100,2021-07-30
2021-08-02,6.210000038146973,6.460000038146973,6.130000114440918,6.380000114440918,6.380000114440918,1793800,2021-08-02
2021-08-03,6.420000076293945,6.440000057220459,5.880000114440918,6.239999771118164,6.239999771118164,1799600,2021-08-03
2021-08-04,6.119999885559082,6.239999771118164,5.730000019073486,5.760000228881836,5.760000228881836,1759200,2021-08-04
2021-08-05,5.769999980926514,5.949999809265137,5.71999979019165,5.869999885559082,5.869999885559082,887000,2021-08-05
2021-08-06,5.980000019073486,6.289999961853027,5.880000114440918,6.269999980926514,6.269999980926514,1367900,2021-08-06
2021-08-09,6.21999979019165,6.21999979019165,6.010000228881836,6.110000133514404,6.110000133514404,1270700,2021-08-09
2021-08-10,6.110000133514404,6.699999809265137,6.050000190734863,6.559999942779541,6.559999942779541,2768700,2021-08-10
2021-08-11,6.519999980926514,6.539999961853027,6.170000076293945,6.380000114440918,6.380000114440918,1175300,2021-08-11
2021-08-12,6.409999847412109,6.480000019073486,6.059999942779541,6.28000020980835,6.28000020980835,1030100,2021-08-12
2021-08-13,6.320000171661377,6.349999904632568,6.059999942779541,6.119999885559082,6.119999885559082,1505000,2021-08-13
2021-08-16,6.03000020980835,6.150000095367432,5.800000190734863,6.059999942779541,6.059999942779541,1357100,2021-08-16
2021-08-17,5.949999809265137,5.989999771118164,5.659999847412109,5.710000038146973,5.710000038146973,2040000,2021-08-17
2021-08-18,5.699999809265137,6.039999961853027,5.619999885559082,5.829999923706055,5.829999923706055,1709400,2021-08-18
2021-08-19,5.670000076293945,5.920000076293945,5.639999866485596,5.840000152587891,5.840000152587891,1538300,2021-08-19
2021-08-20,5.800000190734863,6.289999961853027,5.800000190734863,6.179999828338623,6.179999828338623,1844200,2021-08-20
2021-08-23,6.28000020980835,6.360000133514404,5.940000057220459,6.230000019073486,6.230000019073486,1449800,2021-08-23
2021-08-24,6.25,6.78000020980835,6.130000114440918,6.579999923706055,6.579999923706055,2469200,2021-08-24
2021-08-25,6.650000095367432,6.670000076293945,6.28000020980835,6.369999885559082,6.369999885559082,1668900,2021-08-25
2021-08-26,6.21999979019165,6.300000190734863,5.920000076293945,5.949999809265137,5.949999809265137,2155500,2021-08-26
2021-08-27,6.010000228881836,6.090000152587891,5.920000076293945,5.949999809265137,5.949999809265137,1500100,2021-08-27
2021-08-30,5.960000038146973,5.96999979019165,5.730000019073486,5.840000152587891,5.840000152587891,1986000,2021-08-30
2021-08-31,5.510000228881836,5.679999828338623,4.820000171661377,5.170000076293945,5.170000076293945,8959400,2021-08-31
2021-09-01,5.210000038146973,5.289999961853027,5.03000020980835,5.119999885559082,5.119999885559082,3388900,2021-09-01
2021-09-02,5.119999885559082,5.139999866485596,4.949999809265137,4.989999771118164,4.989999771118164,2049000,2021-09-02
2021-09-03,4.989999771118164,5.079999923706055,4.869999885559082,4.929999828338623,4.929999828338623,1780900,2021-09-03
2021-09-07,4.920000076293945,4.980000019073486,4.789999961853027,4.809999942779541,4.809999942779541,1702500,2021-09-07
2021-09-08,4.78000020980835,4.949999809265137,4.659999847412109,4.75,4.75,2452500,2021-09-08
2021-09-09,4.760000228881836,4.920000076293945,4.730000019073486,4.820000171661377,4.820000171661377,1744600,2021-09-09
2021-09-10,4.860000133514404,4.869999885559082,4.599999904632568,4.619999885559082,4.619999885559082,1735000,2021-09-10
2021-09-13,4.690000057220459,4.760000228881836,4.460000038146973,4.659999847412109,4.659999847412109,1652300,2021-09-13
2021-09-14,4.679999828338623,4.739999771118164,4.460000038146973,4.539999961853027,4.539999961853027,1217100,2021-09-14
2021-09-15,4.550000190734863,4.739999771118164,4.539999961853027,4.630000114440918,4.630000114440918,1443200,2021-09-15
2021-09-16,4.610000133514404,4.75,4.610000133514404,4.639999866485596,4.639999866485596,1124100,2021-09-16
2021-09-17,4.650000095367432,4.880000114440918,4.630000114440918,4.710000038146973,4.710000038146973,5914400,2021-09-17
2021-09-20,4.550000190734863,4.769999980926514,4.480000019073486,4.760000228881836,4.760000228881836,1761400,2021-09-20
2021-09-21,4.789999961853027,4.869999885559082,4.619999885559082,4.710000038146973,4.710000038146973,1286500,2021-09-21
2021-09-22,4.690000057220459,4.889999866485596,4.690000057220459,4.829999923706055,4.829999923706055,970600,2021-09-22
2021-09-23,4.920000076293945,5.079999923706055,4.900000095367432,4.940000057220459,4.940000057220459,1643800,2021-09-23
2021-09-24,4.820000171661377,4.949999809265137,4.710000038146973,4.889999866485596,4.889999866485596,1652800,2021-09-24
2021-09-27,4.900000095367432,5.079999923706055,4.840000152587891,5.010000228881836,5.010000228881836,1380900,2021-09-27
2021-09-28,5.0,5.070000171661377,4.829999923706055,4.909999847412109,4.909999847412109,1684900,2021-09-28
2021-09-29,4.989999771118164,5.050000190734863,4.849999904632568,4.960000038146973,4.960000038146973,970800,2021-09-29
2021-09-30,4.860000133514404,4.900000095367432,4.460000038146973,4.489999771118164,4.489999771118164,3312800,2021-09-30
2021-10-01,4.550000190734863,4.849999904632568,4.460000038146973,4.800000190734863,4.800000190734863,2148700,2021-10-01
2021-10-04,4.760000228881836,4.909999847412109,4.659999847412109,4.670000076293945,4.670000076293945,1718100,2021-10-04
2021-10-05,4.730000019073486,4.809999942779541,4.53000020980835,4.599999904632568,4.599999904632568,1396100,2021-10-05
2021-10-06,4.519999980926514,4.599999904632568,4.340000152587891,4.400000095367432,4.400000095367432,1561900,2021-10-06
2021-10-07,4.480000019073486,4.670000076293945,4.429999828338623,4.630000114440918,4.630000114440918,1651900,2021-10-07
2021-10-08,4.670000076293945,4.730000019073486,4.460000038146973,4.489999771118164,4.489999771118164,960200,2021-10-08
2021-10-11,4.5,4.550000190734863,4.360000133514404,4.380000114440918,4.380000114440918,1560500,2021-10-11
2021-10-12,4.420000076293945,4.619999885559082,4.340000152587891,4.570000171661377,4.570000171661377,1513800,2021-10-12
2021-10-13,4.559999942779541,4.690000057220459,4.53000020980835,4.639999866485596,4.639999866485596,1114700,2021-10-13
2021-10-14,4.730000019073486,4.860000133514404,4.670000076293945,4.849999904632568,4.849999904632568,1537700,2021-10-14
2021-10-15,5.0,5.239999771118164,4.949999809265137,4.96999979019165,4.96999979019165,2547000,2021-10-15
2021-10-18,4.949999809265137,5.309999942779541,4.929999828338623,5.300000190734863,5.300000190734863,2714400,2021-10-18
2021-10-19,5.309999942779541,5.389999866485596,5.059999942779541,5.179999828338623,5.179999828338623,1684100,2021-10-19
2021-10-20,5.139999866485596,5.260000228881836,5.079999923706055,5.079999923706055,5.079999923706055,1223400,2021-10-20
2021-10-21,5.050000190734863,5.230000019073486,5.039999961853027,5.139999866485596,5.139999866485596,806700,2021-10-21
2021-10-22,5.170000076293945,5.179999828338623,4.900000095367432,5.039999961853027,5.039999961853027,1543000,2021-10-22
2021-10-25,5.170000076293945,5.519999980926514,5.039999961853027,5.5,5.5,3792600,2021-10-25
2021-10-26,5.519999980926514,5.619999885559082,5.309999942779541,5.320000171661377,5.320000171661377,1822700,2021-10-26
2021-10-27,5.289999961853027,5.309999942779541,5.159999847412109,5.159999847412109,5.159999847412109,1244300,2021-10-27
2021-10-28,5.210000038146973,5.46999979019165,5.210000038146973,5.420000076293945,5.420000076293945,1458400,2021-10-28
2021-10-29,5.429999828338623,5.489999771118164,5.329999923706055,5.460000038146973,5.460000038146973,935800,2021-10-29
2021-11-01,5.5,5.630000114440918,5.429999828338623,5.570000171661377,5.570000171661377,1858500,2021-11-01
2021-11-02,5.550000190734863,5.78000020980835,5.5,5.71999979019165,5.71999979019165,1782900,2021-11-02
2021-11-03,5.769999980926514,6.190000057220459,5.739999771118164,6.039999961853027,6.039999961853027,2306200,2021-11-03
2021-11-04,6.050000190734863,6.210000038146973,5.960000038146973,6.059999942779541,6.059999942779541,1706000,2021-11-04
2021-11-05,6.230000019073486,6.380000114440918,6.150000095367432,6.239999771118164,6.239999771118164,1679200,2021-11-05
2021-11-08,6.289999961853027,6.5,6.199999809265137,6.389999866485596,6.389999866485596,1733500,2021-11-08
2021-11-09,6.389999866485596,6.650000095367432,6.329999923706055,6.539999961853027,6.539999961853027,1642000,2021-11-09
2021-11-10,6.460000038146973,6.519999980926514,6.239999771118164,6.239999771118164,6.239999771118164,1286000,2021-11-10
2021-11-11,6.25,6.389999866485596,6.230000019073486,6.289999961853027,6.289999961853027,1006300,2021-11-11
2021-11-12,6.309999942779541,6.369999885559082,6.139999866485596,6.269999980926514,6.269999980926514,1078200,2021-11-12
2021-11-15,6.320000171661377,6.579999923706055,6.28000020980835,6.550000190734863,6.550000190734863,1400500,2021-11-15
2021-11-16,6.510000228881836,6.849999904632568,6.46999979019165,6.78000020980835,6.78000020980835,1879600,2021-11-16
2021-11-17,6.739999771118164,6.840000152587891,6.519999980926514,6.599999904632568,6.599999904632568,1384200,2021-11-17
2021-11-18,6.829999923706055,6.869999885559082,6.510000228881836,6.599999904632568,6.599999904632568,1995800,2021-11-18
2021-11-19,6.5,6.53000020980835,6.300000190734863,6.360000133514404,6.360000133514404,2745100,2021-11-19
2021-11-22,6.610000133514404,7.190000057220459,6.610000133514404,7.150000095367432,7.150000095367432,2992400,2021-11-22
2021-11-23,7.03000020980835,7.130000114440918,6.679999828338623,6.980000019073486,6.980000019073486,2853600,2021-11-23
2021-11-24,6.980000019073486,6.989999771118164,6.329999923706055,6.340000152587891,6.340000152587891,3415700,2021-11-24
2021-11-26,6.079999923706055,6.21999979019165,5.449999809265137,5.690000057220459,5.690000057220459,2809300,2021-11-26
2021-11-29,6.0,6.010000228881836,5.360000133514404,5.550000190734863,5.550000190734863,3770500,2021-11-29
2021-11-30,5.489999771118164,5.909999847412109,5.090000152587891,5.730000019073486,5.730000019073486,4983900,2021-11-30
2021-12-01,5.949999809265137,6.019999980926514,5.190000057220459,5.28000020980835,5.28000020980835,3493800,2021-12-01
2021-12-02,5.409999847412109,5.579999923706055,5.28000020980835,5.420000076293945,5.420000076293945,2135700,2021-12-02
2021-12-03,5.460000038146973,5.579999923706055,5.159999847412109,5.260000228881836,5.260000228881836,2448000,2021-12-03
2021-12-06,5.360000133514404,5.570000171661377,5.269999980926514,5.409999847412109,5.409999847412109,2100700,2021-12-06
2021-12-07,5.5,5.75,5.5,5.610000133514404,5.610000133514404,1463100,2021-12-07
2021-12-08,5.610000133514404,5.71999979019165,5.550000190734863,5.599999904632568,5.599999904632568,1300100,2021-12-08
2021-12-09,5.5,5.690000057220459,5.389999866485596,5.400000095367432,5.400000095367432,1272600,2021-12-09
2021-12-10,5.5,5.659999847412109,5.28000020980835,5.380000114440918,5.380000114440918,1187500,2021-12-10
2021-12-13,5.389999866485596,5.489999771118164,4.96999979019165,5.099999904632568,5.099999904632568,2199200,2021-12-13
2021-12-14,5.090000152587891,5.260000228881836,5.0,5.110000133514404,5.110000133514404,1249100,2021-12-14
2021-12-15,5.070000171661377,5.099999904632568,4.769999980926514,5.03000020980835,5.03000020980835,2256100,2021-12-15
2021-12-16,5.130000114440918,5.170000076293945,4.690000057220459,4.739999771118164,4.739999771118164,1818900,2021-12-16
2021-12-17,4.619999885559082,4.769999980926514,4.559999942779541,4.710000038146973,4.710000038146973,6065700,2021-12-17
2021-12-20,4.53000020980835,4.630000114440918,4.409999847412109,4.550000190734863,4.550000190734863,2418300,2021-12-20
2021-12-21,4.670000076293945,4.949999809265137,4.670000076293945,4.889999866485596,4.889999866485596,1763000,2021-12-21
2021-12-22,4.869999885559082,5.010000228881836,4.829999923706055,4.96999979019165,4.96999979019165,1311400,2021-12-22
2021-12-23,5.03000020980835,5.039999961853027,4.800000190734863,4.949999809265137,4.949999809265137,950100,2021-12-23
2021-12-27,4.949999809265137,5.070000171661377,4.889999866485596,5.050000190734863,5.050000190734863,1210900,2021-12-27
2021-12-28,5.019999980926514,5.170000076293945,4.900000095367432,4.900000095367432,4.900000095367432,1179200,2021-12-28
2021-12-29,4.920000076293945,5.119999885559082,4.920000076293945,5.039999961853027,5.039999961853027,1239800,2021-12-29
2021-12-30,5.010000228881836,5.269999980926514,5.0,5.239999771118164,5.239999771118164,1643300,2021-12-30
2021-12-31,5.309999942779541,5.409999847412109,5.199999809265137,5.380000114440918,5.380000114440918,1627500,2021-12-31
