Date,Open,High,Low,Close,Adj Close,Volume,Date
2020-01-02,10.369999885559082,10.4399995803833,10.279999732971191,10.369999885559082,8.928139686584473,323500,2020-01-02
2020-01-03,10.319999694824219,10.380000114440918,10.279999732971191,10.289999961853027,8.859262466430664,203900,2020-01-03
2020-01-06,10.25,10.319999694824219,10.199999809265137,10.260000228881836,8.8334379196167,367300,2020-01-06
2020-01-07,10.279999732971191,10.300000190734863,10.239999771118164,10.25,8.824825286865234,278700,2020-01-07
2020-01-08,10.289999961853027,10.479999542236328,10.279999732971191,10.359999656677246,8.919529914855957,446900,2020-01-08
2020-01-09,10.390000343322754,10.449999809265137,10.359999656677246,10.40999984741211,8.962577819824219,269700,2020-01-09
2020-01-10,10.479999542236328,10.479999542236328,10.399999618530273,10.399999618530273,8.953969955444336,228700,2020-01-10
2020-01-13,10.420000076293945,10.470000267028809,10.40999984741211,10.449999809265137,8.997017860412598,193800,2020-01-13
2020-01-14,10.479999542236328,10.539999961853027,10.449999809265137,10.479999542236328,9.022846221923828,300200,2020-01-14
2020-01-15,10.5,10.529999732971191,10.470000267028809,10.5,9.040064811706543,241500,2020-01-15
2020-01-16,10.510000228881836,10.550000190734863,10.489999771118164,10.5,9.040064811706543,310600,2020-01-16
2020-01-17,10.539999961853027,10.5600004196167,10.470000267028809,10.479999542236328,9.022846221923828,209900,2020-01-17
2020-01-21,10.470000267028809,10.550000190734863,10.470000267028809,10.539999961853027,9.074504852294922,301700,2020-01-21
2020-01-22,10.539999961853027,10.600000381469727,10.510000228881836,10.510000228881836,9.048674583435059,236400,2020-01-22
2020-01-23,10.460000038146973,10.470000267028809,10.420000076293945,10.470000267028809,9.077285766601562,142000,2020-01-23
2020-01-24,10.479999542236328,10.520000457763672,10.350000381469727,10.390000343322754,9.007926940917969,202200,2020-01-24
2020-01-27,10.270000457763672,10.350000381469727,10.199999809265137,10.319999694824219,8.94723892211914,515500,2020-01-27
2020-01-28,10.350000381469727,10.399999618530273,10.329999923706055,10.390000343322754,9.007926940917969,141100,2020-01-28
2020-01-29,10.399999618530273,10.449999809265137,10.399999618530273,10.420000076293945,9.033937454223633,240700,2020-01-29
2020-01-30,10.390000343322754,10.430000305175781,10.329999923706055,10.430000305175781,9.042607307434082,184500,2020-01-30
2020-01-31,10.420000076293945,10.579999923706055,10.319999694824219,10.319999694824219,8.94723892211914,443200,2020-01-31
2020-02-03,10.350000381469727,10.420000076293945,10.34000015258789,10.359999656677246,8.981916427612305,226800,2020-02-03
2020-02-04,10.420000076293945,10.479999542236328,10.420000076293945,10.460000038146973,9.068617820739746,205800,2020-02-04
2020-02-05,10.529999732971191,10.539999961853027,10.460000038146973,10.5,9.10329532623291,195600,2020-02-05
2020-02-06,10.5,10.520000457763672,10.449999809265137,10.460000038146973,9.068617820739746,199500,2020-02-06
2020-02-07,10.449999809265137,10.489999771118164,10.40999984741211,10.420000076293945,9.033937454223633,240400,2020-02-07
2020-02-10,10.390000343322754,10.520000457763672,10.390000343322754,10.510000228881836,9.111964225769043,216800,2020-02-10
2020-02-11,10.529999732971191,10.569999694824219,10.510000228881836,10.550000190734863,9.14664363861084,226000,2020-02-11
2020-02-12,10.569999694824219,10.569999694824219,10.5,10.5,9.10329532623291,269600,2020-02-12
2020-02-13,10.510000228881836,10.539999961853027,10.4399995803833,10.460000038146973,9.068617820739746,166100,2020-02-13
2020-02-14,10.510000228881836,10.520000457763672,10.470000267028809,10.510000228881836,9.111964225769043,140800,2020-02-14
2020-02-18,10.5,10.5,10.399999618530273,10.489999771118164,9.094626426696777,226400,2020-02-18
2020-02-19,10.510000228881836,10.550000190734863,10.489999771118164,10.529999732971191,9.129304885864258,174000,2020-02-19
2020-02-20,10.4399995803833,10.449999809265137,10.329999923706055,10.420000076293945,9.097002029418945,160700,2020-02-20
2020-02-21,10.390000343322754,10.430000305175781,10.329999923706055,10.329999923706055,9.01842975616455,206800,2020-02-21
2020-02-24,10.100000381469727,10.15999984741211,10.010000228881836,10.050000190734863,8.773980140686035,358900,2020-02-24
2020-02-25,10.069999694824219,10.100000381469727,9.65999984741211,9.6899995803833,8.459688186645508,892900,2020-02-25
2020-02-26,9.710000038146973,9.899999618530273,9.710000038146973,9.779999732971191,8.538261413574219,476700,2020-02-26
2020-02-27,9.609999656677246,9.640000343322754,9.1899995803833,9.25,8.075552940368652,1017100,2020-02-27
2020-02-28,9.0,9.020000457763672,8.680000305175781,8.890000343322754,7.7612624168396,1547600,2020-02-28
2020-03-02,8.90999984741211,9.420000076293945,8.899999618530273,9.260000228881836,8.084287643432617,824300,2020-03-02
2020-03-03,9.34000015258789,9.600000381469727,9.199999809265137,9.3100004196167,8.127935409545898,698700,2020-03-03
2020-03-04,9.430000305175781,9.619999885559082,9.399999618530273,9.609999656677246,8.389846801757812,421800,2020-03-04
2020-03-05,9.4399995803833,9.510000228881836,9.369999885559082,9.40999984741211,8.215240478515625,309100,2020-03-05
2020-03-06,8.979999542236328,9.3100004196167,8.979999542236328,9.279999732971191,8.101746559143066,483200,2020-03-06
2020-03-09,8.449999809265137,8.920000076293945,8.399999618530273,8.579999923706055,7.4906206130981445,644200,2020-03-09
2020-03-10,8.770000457763672,8.880000114440918,8.529999732971191,8.800000190734863,7.682689666748047,477100,2020-03-10
2020-03-11,8.65999984741211,8.670000076293945,8.199999809265137,8.279999732971191,7.22871208190918,860100,2020-03-11
2020-03-12,7.0,7.690000057220459,6.940000057220459,6.980000019073486,6.09376859664917,1315500,2020-03-12
2020-03-13,7.28000020980835,7.5,7.019999980926514,7.46999979019165,6.5215559005737305,905600,2020-03-13
2020-03-16,6.420000076293945,7.119999885559082,6.420000076293945,6.630000114440918,5.788207054138184,942300,2020-03-16
2020-03-17,6.579999923706055,6.940000057220459,6.389999866485596,6.860000133514404,5.989005088806152,1082100,2020-03-17
2020-03-18,6.210000038146973,6.579999923706055,5.489999771118164,5.53000020980835,4.827872276306152,1773300,2020-03-18
2020-03-19,5.5,6.289999961853027,5.5,6.079999923706055,5.30803918838501,1552100,2020-03-19
2020-03-20,6.199999809265137,6.739999771118164,6.130000114440918,6.199999809265137,5.412804126739502,1486700,2020-03-20
2020-03-23,6.0,6.119999885559082,5.659999847412109,5.75,5.07974910736084,1580800,2020-03-23
2020-03-24,5.989999771118164,6.699999809265137,5.989999771118164,6.480000019073486,5.724656581878662,1192700,2020-03-24
2020-03-25,6.570000171661377,7.349999904632568,6.570000171661377,7.019999980926514,6.201709747314453,1350400,2020-03-25
2020-03-26,7.090000152587891,7.460000038146973,7.090000152587891,7.409999847412109,6.546250343322754,1273400,2020-03-26
2020-03-27,7.099999904632568,7.550000190734863,7.099999904632568,7.28000020980835,6.431403636932373,1237400,2020-03-27
2020-03-30,7.340000152587891,7.550000190734863,7.190000057220459,7.46999979019165,6.599255561828613,575400,2020-03-30
2020-03-31,7.590000152587891,7.659999847412109,7.429999828338623,7.460000038146973,6.5904221534729,681900,2020-03-31
2020-04-01,7.269999980926514,7.340000152587891,7.0,7.010000228881836,6.19287633895874,513400,2020-04-01
2020-04-02,6.949999809265137,7.239999771118164,6.949999809265137,7.079999923706055,6.254716396331787,910500,2020-04-02
2020-04-03,7.03000020980835,7.150000095367432,6.940000057220459,6.980000019073486,6.166373252868652,587100,2020-04-03
2020-04-06,7.170000076293945,7.480000019073486,7.170000076293945,7.46999979019165,6.599255561828613,455200,2020-04-06
2020-04-07,7.730000019073486,7.940000057220459,7.599999904632568,7.610000133514404,6.722936630249023,849400,2020-04-07
2020-04-08,7.75,7.960000038146973,7.619999885559082,7.960000038146973,7.032138824462891,769100,2020-04-08
2020-04-09,8.079999923706055,8.229999542236328,7.96999979019165,8.029999732971191,7.093978404998779,815600,2020-04-09
2020-04-13,7.980000019073486,7.980000019073486,7.710000038146973,7.860000133514404,6.943795204162598,639400,2020-04-13
2020-04-14,8.109999656677246,8.109999656677246,7.880000114440918,7.929999828338623,7.005635738372803,823800,2020-04-14
2020-04-15,7.789999961853027,7.849999904632568,7.730000019073486,7.829999923706055,6.917292594909668,444100,2020-04-15
2020-04-16,7.880000114440918,7.889999866485596,7.739999771118164,7.820000171661377,6.908458232879639,499700,2020-04-16
2020-04-17,8.0,8.039999961853027,7.900000095367432,8.039999961853027,7.102814197540283,467400,2020-04-17
2020-04-20,7.860000133514404,7.989999771118164,7.820000171661377,7.860000133514404,6.943795204162598,454200,2020-04-20
2020-04-21,7.730000019073486,7.78000020980835,7.599999904632568,7.690000057220459,6.793611526489258,689800,2020-04-21
2020-04-22,7.78000020980835,7.840000152587891,7.71999979019165,7.820000171661377,6.974668502807617,406700,2020-04-22
2020-04-23,7.820000171661377,7.889999866485596,7.730000019073486,7.739999771118164,6.903316020965576,268700,2020-04-23
2020-04-24,7.829999923706055,7.869999885559082,7.71999979019165,7.869999885559082,7.019262790679932,343700,2020-04-24
2020-04-27,7.869999885559082,7.940000057220459,7.860000133514404,7.940000057220459,7.081696510314941,474500,2020-04-27
2020-04-28,8.029999732971191,8.0600004196167,7.909999847412109,7.949999809265137,7.0906147956848145,358800,2020-04-28
2020-04-29,8.119999885559082,8.130000114440918,7.989999771118164,8.109999656677246,7.233319282531738,408300,2020-04-29
2020-04-30,8.109999656677246,8.119999885559082,7.980000019073486,8.020000457763672,7.153048038482666,262400,2020-04-30
2020-05-01,7.920000076293945,7.949999809265137,7.789999961853027,7.840000152587891,6.9925055503845215,306800,2020-05-01
2020-05-04,7.820000171661377,7.869999885559082,7.75,7.869999885559082,7.019262790679932,237300,2020-05-04
2020-05-05,7.96999979019165,8.109999656677246,7.960000038146973,8.069999694824219,7.197643756866455,771300,2020-05-05
2020-05-06,8.109999656677246,8.119999885559082,8.020000457763672,8.020000457763672,7.153048038482666,218300,2020-05-06
2020-05-07,8.130000114440918,8.15999984741211,8.050000190734863,8.149999618530273,7.26899528503418,558800,2020-05-07
2020-05-08,8.1899995803833,8.229999542236328,8.170000076293945,8.210000038146973,7.322509765625,338100,2020-05-08
2020-05-11,8.15999984741211,8.199999809265137,8.100000381469727,8.170000076293945,7.2868332862854,409500,2020-05-11
2020-05-12,8.170000076293945,8.1899995803833,8.010000228881836,8.029999732971191,7.161966800689697,301700,2020-05-12
2020-05-13,8.020000457763672,8.079999923706055,7.710000038146973,7.78000020980835,6.938992500305176,771400,2020-05-13
2020-05-14,7.710000038146973,7.900000095367432,7.670000076293945,7.900000095367432,7.0460205078125,361100,2020-05-14
2020-05-15,7.78000020980835,7.900000095367432,7.78000020980835,7.889999866485596,7.037100315093994,230400,2020-05-15
2020-05-18,8.0600004196167,8.1899995803833,8.029999732971191,8.130000114440918,7.251157760620117,513100,2020-05-18
2020-05-19,8.119999885559082,8.15999984741211,8.079999923706055,8.09000015258789,7.215481281280518,255800,2020-05-19
2020-05-20,8.170000076293945,8.220000267028809,8.149999618530273,8.210000038146973,7.322509765625,321100,2020-05-20
2020-05-21,8.149999618530273,8.15999984741211,8.020000457763672,8.050000190734863,7.244217872619629,269700,2020-05-21
2020-05-22,8.09000015258789,8.229999542236328,8.0600004196167,8.210000038146973,7.388202667236328,1522800,2020-05-22
2020-05-26,8.369999885559082,8.420000076293945,8.3100004196167,8.319999694824219,7.487192630767822,583500,2020-05-26
2020-05-27,8.369999885559082,8.4399995803833,8.199999809265137,8.380000114440918,7.541186332702637,374300,2020-05-27
2020-05-28,8.40999984741211,8.420000076293945,8.34000015258789,8.380000114440918,7.541186332702637,435700,2020-05-28
2020-05-29,8.380000114440918,8.380000114440918,8.279999732971191,8.369999885559082,7.532186985015869,394500,2020-05-29
2020-06-01,8.369999885559082,8.5,8.34000015258789,8.430000305175781,7.586180210113525,364000,2020-06-01
2020-06-02,8.489999771118164,8.520000457763672,8.050000190734863,8.390000343322754,7.55018424987793,1368300,2020-06-02
2020-06-03,8.40999984741211,8.489999771118164,8.399999618530273,8.479999542236328,7.631176471710205,430700,2020-06-03
2020-06-04,8.430000305175781,8.460000038146973,8.380000114440918,8.449999809265137,7.604180812835693,307000,2020-06-04
2020-06-05,8.579999923706055,8.600000381469727,8.5,8.569999694824219,7.712165832519531,350300,2020-06-05
2020-06-08,8.649999618530273,8.6899995803833,8.529999732971191,8.630000114440918,7.766160488128662,482900,2020-06-08
2020-06-09,8.609999656677246,8.619999885559082,8.550000190734863,8.579999923706055,7.721165180206299,367500,2020-06-09
2020-06-10,8.630000114440918,8.640000343322754,8.529999732971191,8.600000381469727,7.739165306091309,504300,2020-06-10
2020-06-11,8.4399995803833,8.449999809265137,8.210000038146973,8.220000267028809,7.397201061248779,641200,2020-06-11
2020-06-12,8.40999984741211,8.5,8.270000457763672,8.359999656677246,7.523186683654785,323800,2020-06-12
2020-06-15,8.229999542236328,8.489999771118164,8.119999885559082,8.460000038146973,7.61317777633667,276900,2020-06-15
2020-06-16,8.65999984741211,8.739999771118164,8.539999961853027,8.59000015258789,7.730165004730225,322900,2020-06-16
2020-06-17,8.65999984741211,8.65999984741211,8.569999694824219,8.59000015258789,7.730165004730225,297800,2020-06-17
2020-06-18,8.579999923706055,8.579999923706055,8.5,8.550000190734863,7.694169044494629,224900,2020-06-18
2020-06-19,8.59000015258789,8.609999656677246,8.510000228881836,8.539999961853027,7.685170650482178,258500,2020-06-19
2020-06-22,8.470000267028809,8.529999732971191,8.449999809265137,8.529999732971191,7.742352485656738,217700,2020-06-22
2020-06-23,8.5600004196167,8.609999656677246,8.5600004196167,8.609999656677246,7.814966678619385,259500,2020-06-23
2020-06-24,8.529999732971191,8.550000190734863,8.420000076293945,8.479999542236328,7.696969985961914,249100,2020-06-24
2020-06-25,8.460000038146973,8.489999771118164,8.390000343322754,8.489999771118164,7.706045627593994,158200,2020-06-25
2020-06-26,8.489999771118164,8.529999732971191,8.380000114440918,8.430000305175781,7.651586532592773,359400,2020-06-26
2020-06-29,8.420000076293945,8.569999694824219,8.390000343322754,8.539999961853027,7.751428604125977,347500,2020-06-29
2020-06-30,8.59000015258789,8.680000305175781,8.550000190734863,8.649999618530273,7.851271152496338,641100,2020-06-30
2020-07-01,8.649999618530273,8.729999542236328,8.649999618530273,8.680000305175781,7.878502368927002,230400,2020-07-01
2020-07-02,8.760000228881836,8.850000381469727,8.75,8.789999961853027,7.978344440460205,272700,2020-07-02
2020-07-06,8.84000015258789,8.880000114440918,8.800000190734863,8.859999656677246,8.04188346862793,188300,2020-07-06
2020-07-07,8.859999656677246,8.880000114440918,8.75,8.770000457763672,7.960191249847412,271400,2020-07-07
2020-07-08,8.779999732971191,8.829999923706055,8.760000228881836,8.819999694824219,8.005574226379395,140200,2020-07-08
2020-07-09,8.800000190734863,8.859999656677246,8.760000228881836,8.760000228881836,7.951115131378174,269500,2020-07-09
2020-07-10,8.75,8.789999961853027,8.720000267028809,8.779999732971191,7.96926736831665,226800,2020-07-10
2020-07-13,8.8100004196167,8.949999809265137,8.649999618530273,8.65999984741211,7.860348701477051,426500,2020-07-13
2020-07-14,8.649999618530273,8.729999542236328,8.600000381469727,8.720000267028809,7.914808750152588,315900,2020-07-14
2020-07-15,8.800000190734863,8.8100004196167,8.720000267028809,8.739999771118164,7.9329609870910645,270300,2020-07-15
2020-07-16,8.720000267028809,8.75,8.65999984741211,8.720000267028809,7.914808750152588,357000,2020-07-16
2020-07-17,8.75,8.770000457763672,8.670000076293945,8.75,7.9420390129089355,295800,2020-07-17
2020-07-20,8.699999809265137,8.850000381469727,8.699999809265137,8.819999694824219,8.005574226379395,261500,2020-07-20
2020-07-21,8.859999656677246,8.9399995803833,8.84000015258789,8.859999656677246,8.04188346862793,258000,2020-07-21
2020-07-22,8.890000343322754,8.899999618530273,8.829999923706055,8.880000114440918,8.060036659240723,190700,2020-07-22
2020-07-23,8.84000015258789,8.84000015258789,8.710000038146973,8.760000228881836,8.017020225524902,226200,2020-07-23
2020-07-24,8.739999771118164,8.770000457763672,8.619999885559082,8.649999618530273,7.916348934173584,392300,2020-07-24
2020-07-27,8.699999809265137,8.760000228881836,8.6899995803833,8.710000038146973,7.9712605476379395,233400,2020-07-27
2020-07-28,8.699999809265137,8.770000457763672,8.699999809265137,8.760000228881836,8.017020225524902,185800,2020-07-28
2020-07-29,8.789999961853027,8.819999694824219,8.770000457763672,8.800000190734863,8.053629875183105,214200,2020-07-29
2020-07-30,8.770000457763672,8.84000015258789,8.710000038146973,8.84000015258789,8.090234756469727,343400,2020-07-30
2020-07-31,8.920000076293945,8.930000305175781,8.680000305175781,8.8100004196167,8.06278133392334,469300,2020-07-31
2020-08-03,8.850000381469727,8.899999618530273,8.8100004196167,8.869999885559082,8.11768913269043,354600,2020-08-03
2020-08-04,8.859999656677246,8.890000343322754,8.850000381469727,8.859999656677246,8.108540534973145,169200,2020-08-04
2020-08-05,8.859999656677246,8.920000076293945,8.859999656677246,8.920000076293945,8.163450241088867,294400,2020-08-05
2020-08-06,8.899999618530273,8.930000305175781,8.880000114440918,8.90999984741211,8.154297828674316,229100,2020-08-06
2020-08-07,8.90999984741211,8.920000076293945,8.850000381469727,8.859999656677246,8.108540534973145,217200,2020-08-07
2020-08-10,8.859999656677246,8.920000076293945,8.84000015258789,8.920000076293945,8.163450241088867,324900,2020-08-10
2020-08-11,8.960000038146973,9.010000228881836,8.930000305175781,8.9399995803833,8.181754112243652,253700,2020-08-11
2020-08-12,9.0,9.100000381469727,9.0,9.050000190734863,8.282425880432129,350100,2020-08-12
2020-08-13,9.050000190734863,9.109999656677246,9.029999732971191,9.069999694824219,8.300728797912598,294400,2020-08-13
2020-08-14,9.050000190734863,9.050000190734863,9.0,9.039999961853027,8.273272514343262,224200,2020-08-14
2020-08-17,9.0600004196167,9.109999656677246,9.050000190734863,9.109999656677246,8.337336540222168,168100,2020-08-17
2020-08-18,9.069999694824219,9.119999885559082,9.069999694824219,9.079999923706055,8.309880256652832,136900,2020-08-18
2020-08-19,9.09000015258789,9.260000228881836,9.09000015258789,9.100000381469727,8.3281831741333,435200,2020-08-19
2020-08-20,9.0600004196167,9.140000343322754,9.050000190734863,9.140000343322754,8.364790916442871,218400,2020-08-20
2020-08-21,9.050000190734863,9.09000015258789,9.010000228881836,9.029999732971191,8.330657005310059,201800,2020-08-21
2020-08-24,9.0600004196167,9.079999923706055,8.9399995803833,8.989999771118164,8.293753623962402,292000,2020-08-24
2020-08-25,9.050000190734863,9.050000190734863,8.9399995803833,8.979999542236328,8.284527778625488,164600,2020-08-25
2020-08-26,8.970000267028809,9.010000228881836,8.949999809265137,8.989999771118164,8.293753623962402,174200,2020-08-26
2020-08-27,8.970000267028809,9.100000381469727,8.970000267028809,9.050000190734863,8.349106788635254,174700,2020-08-27
2020-08-28,9.039999961853027,9.050000190734863,8.970000267028809,8.989999771118164,8.293753623962402,237600,2020-08-28
2020-08-31,8.949999809265137,9.039999961853027,8.9399995803833,9.0,8.302979469299316,240800,2020-08-31
2020-09-01,8.979999542236328,9.069999694824219,8.979999542236328,9.029999732971191,8.330657005310059,185600,2020-09-01
2020-09-02,9.039999961853027,9.130000114440918,9.029999732971191,9.100000381469727,8.39523696899414,208500,2020-09-02
2020-09-03,9.050000190734863,9.100000381469727,8.859999656677246,8.960000038146973,8.266077995300293,524000,2020-09-03
2020-09-04,8.930000305175781,9.020000457763672,8.699999809265137,8.84000015258789,8.15537166595459,509600,2020-09-04
2020-09-08,8.729999542236328,8.789999961853027,8.619999885559082,8.649999618530273,7.980086326599121,394200,2020-09-08
2020-09-09,8.729999542236328,8.859999656677246,8.699999809265137,8.819999694824219,8.136921882629395,232800,2020-09-09
2020-09-10,8.819999694824219,8.90999984741211,8.75,8.760000228881836,8.081568717956543,256100,2020-09-10
2020-09-11,8.819999694824219,8.850000381469727,8.739999771118164,8.8100004196167,8.127694129943848,201800,2020-09-11
2020-09-14,8.869999885559082,8.90999984741211,8.8100004196167,8.84000015258789,8.15537166595459,268300,2020-09-14
2020-09-15,8.890000343322754,8.930000305175781,8.84000015258789,8.850000381469727,8.16459846496582,264200,2020-09-15
2020-09-16,8.880000114440918,8.920000076293945,8.850000381469727,8.859999656677246,8.173821449279785,189100,2020-09-16
2020-09-17,8.779999732971191,8.859999656677246,8.760000228881836,8.850000381469727,8.16459846496582,343700,2020-09-17
2020-09-18,8.880000114440918,8.90999984741211,8.779999732971191,8.880000114440918,8.19227409362793,309500,2020-09-18
2020-09-21,8.760000228881836,8.779999732971191,8.649999618530273,8.720000267028809,8.044666290283203,392200,2020-09-21
2020-09-22,8.6899995803833,8.710000038146973,8.609999656677246,8.649999618530273,8.047456741333008,167800,2020-09-22
2020-09-23,8.65999984741211,8.6899995803833,8.40999984741211,8.479999542236328,7.889297962188721,394900,2020-09-23
2020-09-24,8.4399995803833,8.520000457763672,8.369999885559082,8.4399995803833,7.852083683013916,230900,2020-09-24
2020-09-25,8.430000305175781,8.510000228881836,8.399999618530273,8.510000228881836,7.917208671569824,216800,2020-09-25
2020-09-28,8.600000381469727,8.640000343322754,8.5600004196167,8.5600004196167,7.963724613189697,307900,2020-09-28
2020-09-29,8.59000015258789,8.609999656677246,8.5,8.5,7.907904148101807,239100,2020-09-29
2020-09-30,8.539999961853027,8.65999984741211,8.539999961853027,8.539999961853027,7.945117950439453,396600,2020-09-30
2020-10-01,8.609999656677246,8.670000076293945,8.569999694824219,8.630000114440918,8.028848648071289,298800,2020-10-01
2020-10-02,8.470000267028809,8.640000343322754,8.470000267028809,8.569999694824219,7.97302770614624,246200,2020-10-02
2020-10-05,8.640000343322754,8.770000457763672,8.619999885559082,8.680000305175781,8.075366020202637,340000,2020-10-05
2020-10-06,8.729999542236328,8.760000228881836,8.649999618530273,8.649999618530273,8.047456741333008,242600,2020-10-06
2020-10-07,8.6899995803833,8.770000457763672,8.680000305175781,8.75,8.140490531921387,211200,2020-10-07
2020-10-08,8.770000457763672,8.789999961853027,8.729999542236328,8.760000228881836,8.149794578552246,192000,2020-10-08
2020-10-09,8.779999732971191,8.829999923706055,8.710000038146973,8.789999961853027,8.177701950073242,230600,2020-10-09
2020-10-12,8.84000015258789,8.880000114440918,8.8100004196167,8.84000015258789,8.224222183227539,255800,2020-10-12
2020-10-13,8.850000381469727,8.850000381469727,8.75,8.75,8.140490531921387,263600,2020-10-13
2020-10-14,8.789999961853027,8.829999923706055,8.720000267028809,8.789999961853027,8.177701950073242,263000,2020-10-14
2020-10-15,8.710000038146973,8.729999542236328,8.65999984741211,8.680000305175781,8.075366020202637,327600,2020-10-15
2020-10-16,8.680000305175781,8.779999732971191,8.649999618530273,8.649999618530273,8.047456741333008,457800,2020-10-16
2020-10-19,8.670000076293945,8.729999542236328,8.619999885559082,8.649999618530273,8.047456741333008,370000,2020-10-19
2020-10-20,8.649999618530273,8.739999771118164,8.649999618530273,8.710000038146973,8.103276252746582,263500,2020-10-20
2020-10-21,8.6899995803833,8.770000457763672,8.6899995803833,8.75,8.140490531921387,294500,2020-10-21
2020-10-22,8.6899995803833,8.699999809265137,8.569999694824219,8.649999618530273,8.115159034729004,402300,2020-10-22
2020-10-23,8.699999809265137,8.699999809265137,8.630000114440918,8.680000305175781,8.143304824829102,274400,2020-10-23
2020-10-26,8.670000076293945,8.670000076293945,8.5,8.5600004196167,8.03072452545166,279800,2020-10-26
2020-10-27,8.550000190734863,8.569999694824219,8.449999809265137,8.449999809265137,7.927526473999023,258300,2020-10-27
2020-10-28,8.390000343322754,8.399999618530273,8.149999618530273,8.210000038146973,7.702365398406982,507600,2020-10-28
2020-10-29,8.180000305175781,8.279999732971191,8.100000381469727,8.270000457763672,7.758655548095703,274400,2020-10-29
2020-10-30,8.279999732971191,8.319999694824219,8.0600004196167,8.130000114440918,7.627312660217285,526200,2020-10-30
2020-11-02,8.170000076293945,8.270000457763672,8.170000076293945,8.210000038146973,7.702365398406982,440300,2020-11-02
2020-11-03,8.270000457763672,8.600000381469727,8.270000457763672,8.550000190734863,8.021344184875488,930600,2020-11-03
2020-11-04,8.619999885559082,8.800000190734863,8.579999923706055,8.729999542236328,8.19021224975586,372400,2020-11-04
2020-11-05,8.829999923706055,9.15999984741211,8.829999923706055,9.119999885559082,8.556099891662598,1004300,2020-11-05
2020-11-06,9.079999923706055,9.100000381469727,8.960000038146973,9.0,8.44351863861084,334800,2020-11-06
2020-11-09,9.430000305175781,9.430000305175781,9.0,9.020000457763672,8.462282180786133,466000,2020-11-09
2020-11-10,8.979999542236328,9.140000343322754,8.930000305175781,9.119999885559082,8.556099891662598,309400,2020-11-10
2020-11-11,9.180000305175781,9.1899995803833,9.069999694824219,9.069999694824219,8.509190559387207,369200,2020-11-11
2020-11-12,9.069999694824219,9.170000076293945,8.970000267028809,9.020000457763672,8.462282180786133,654400,2020-11-12
2020-11-13,9.0600004196167,9.229999542236328,9.0600004196167,9.229999542236328,8.659296989440918,297400,2020-11-13
2020-11-16,9.279999732971191,9.449999809265137,9.270000457763672,9.359999656677246,8.781258583068848,520400,2020-11-16
2020-11-17,9.350000381469727,9.529999732971191,9.319999694824219,9.5,8.912603378295898,629900,2020-11-17
2020-11-18,9.550000190734863,9.569999694824219,9.40999984741211,9.4399995803833,8.856311798095703,379900,2020-11-18
2020-11-19,9.399999618530273,9.520000457763672,9.380000114440918,9.5,8.912603378295898,507300,2020-11-19
2020-11-20,9.449999809265137,9.489999771118164,9.399999618530273,9.4399995803833,8.924893379211426,229200,2020-11-20
2020-11-23,9.460000038146973,9.479999542236328,9.359999656677246,9.369999885559082,8.858712196350098,487300,2020-11-23
2020-11-24,9.449999809265137,9.510000228881836,9.359999656677246,9.430000305175781,8.915438652038574,322500,2020-11-24
2020-11-25,9.4399995803833,9.5,9.390000343322754,9.40999984741211,8.896530151367188,240000,2020-11-25
2020-11-27,9.420000076293945,9.489999771118164,9.420000076293945,9.489999771118164,8.97216510772705,92600,2020-11-27
2020-11-30,9.5,9.520000457763672,9.380000114440918,9.4399995803833,8.924893379211426,325200,2020-11-30
2020-12-01,9.5,9.5600004196167,9.460000038146973,9.5,8.981619834899902,295000,2020-12-01
2020-12-02,9.489999771118164,9.529999732971191,9.329999923706055,9.380000114440918,8.86816692352295,576000,2020-12-02
2020-12-03,9.359999656677246,9.449999809265137,9.34000015258789,9.399999618530273,8.887077331542969,376300,2020-12-03
2020-12-04,9.40999984741211,9.550000190734863,9.390000343322754,9.550000190734863,9.028891563415527,264900,2020-12-04
2020-12-07,9.529999732971191,9.550000190734863,9.449999809265137,9.520000457763672,9.000529289245605,267200,2020-12-07
2020-12-08,9.510000228881836,9.59000015258789,9.510000228881836,9.550000190734863,9.028891563415527,264500,2020-12-08
2020-12-09,9.59000015258789,9.609999656677246,9.5,9.539999961853027,9.019437789916992,495200,2020-12-09
2020-12-10,9.529999732971191,9.539999961853027,9.380000114440918,9.449999809265137,8.934347152709961,707700,2020-12-10
2020-12-11,9.4399995803833,9.470000267028809,9.380000114440918,9.4399995803833,8.924893379211426,243200,2020-12-11
2020-12-14,9.479999542236328,9.539999961853027,9.449999809265137,9.460000038146973,8.943801879882812,224100,2020-12-14
2020-12-15,9.5,9.569999694824219,9.479999542236328,9.550000190734863,9.028891563415527,359600,2020-12-15
2020-12-16,9.59000015258789,9.630000114440918,9.569999694824219,9.630000114440918,9.104527473449707,311800,2020-12-16
2020-12-17,9.680000305175781,9.710000038146973,9.65999984741211,9.699999809265137,9.170705795288086,279900,2020-12-17
2020-12-18,9.720000267028809,9.720000267028809,9.609999656677246,9.640000343322754,9.113981246948242,233800,2020-12-18
2020-12-21,9.5600004196167,9.729999542236328,9.510000228881836,9.6899995803833,9.161251068115234,499300,2020-12-21
2020-12-22,9.75,9.789999961853027,9.6899995803833,9.729999542236328,9.19906997680664,355100,2020-12-22
2020-12-23,9.6899995803833,9.710000038146973,9.630000114440918,9.649999618530273,9.192400932312012,283300,2020-12-23
2020-12-24,9.680000305175781,9.729999542236328,9.65999984741211,9.680000305175781,9.220979690551758,120300,2020-12-24
2020-12-28,9.739999771118164,9.75,9.65999984741211,9.6899995803833,9.23050308227539,274200,2020-12-28
2020-12-29,9.770000457763672,9.770000457763672,9.609999656677246,9.609999656677246,9.154296875,348300,2020-12-29
2020-12-30,9.640000343322754,9.65999984741211,9.619999885559082,9.619999885559082,9.163824081420898,169100,2020-12-30
2020-12-31,9.670000076293945,9.710000038146973,9.65999984741211,9.680000305175781,9.220979690551758,229700,2020-12-31
2021-01-04,9.6899995803833,9.739999771118164,9.289999961853027,9.479999542236328,9.030462265014648,836200,2021-01-04
2021-01-05,9.460000038146973,9.600000381469727,9.399999618530273,9.529999732971191,9.078092575073242,461100,2021-01-05
2021-01-06,9.470000267028809,9.649999618530273,9.399999618530273,9.59000015258789,9.135248184204102,332500,2021-01-06
2021-01-07,9.600000381469727,9.760000228881836,9.569999694824219,9.739999771118164,9.278132438659668,310600,2021-01-07
2021-01-08,9.770000457763672,9.770000457763672,9.600000381469727,9.670000076293945,9.211451530456543,522800,2021-01-08
2021-01-11,9.569999694824219,9.649999618530273,9.569999694824219,9.619999885559082,9.163824081420898,312700,2021-01-11
2021-01-12,9.609999656677246,9.710000038146973,9.609999656677246,9.710000038146973,9.249555587768555,276100,2021-01-12
2021-01-13,9.710000038146973,9.75,9.699999809265137,9.710000038146973,9.249555587768555,242300,2021-01-13
2021-01-14,9.720000267028809,9.770000457763672,9.710000038146973,9.729999542236328,9.268608093261719,225000,2021-01-14
2021-01-15,9.6899995803833,9.729999542236328,9.619999885559082,9.670000076293945,9.211451530456543,219900,2021-01-15
2021-01-19,9.770000457763672,9.90999984741211,9.670000076293945,9.850000381469727,9.382917404174805,842400,2021-01-19
2021-01-20,9.920000076293945,9.949999809265137,9.880000114440918,9.90999984741211,9.440072059631348,389500,2021-01-20
2021-01-21,9.829999923706055,9.859999656677246,9.800000190734863,9.84000015258789,9.442950248718262,238800,2021-01-21
2021-01-22,9.829999923706055,9.850000381469727,9.720000267028809,9.729999542236328,9.337388038635254,190400,2021-01-22
2021-01-25,9.75,9.779999732971191,9.649999618530273,9.720000267028809,9.32779312133789,215600,2021-01-25
2021-01-26,9.770000457763672,9.8100004196167,9.710000038146973,9.770000457763672,9.375774383544922,206800,2021-01-26
2021-01-27,9.710000038146973,9.75,9.609999656677246,9.609999656677246,9.2222318649292,251900,2021-01-27
2021-01-28,9.609999656677246,9.75,9.609999656677246,9.65999984741211,9.27021312713623,282300,2021-01-28
2021-01-29,9.6899995803833,9.710000038146973,9.550000190734863,9.609999656677246,9.2222318649292,371400,2021-01-29
2021-02-01,9.65999984741211,9.6899995803833,9.510000228881836,9.579999923706055,9.193443298339844,911900,2021-02-01
2021-02-02,9.630000114440918,9.710000038146973,9.609999656677246,9.680000305175781,9.289407730102539,269200,2021-02-02
2021-02-03,9.710000038146973,9.75,9.65999984741211,9.710000038146973,9.318197250366211,248200,2021-02-03
2021-02-04,9.729999542236328,9.779999732971191,9.729999542236328,9.770000457763672,9.375774383544922,215900,2021-02-04
2021-02-05,9.800000190734863,9.819999694824219,9.710000038146973,9.760000228881836,9.366179466247559,304400,2021-02-05
2021-02-08,9.800000190734863,9.84000015258789,9.75,9.819999694824219,9.423758506774902,255200,2021-02-08
2021-02-09,9.8100004196167,9.869999885559082,9.8100004196167,9.819999694824219,9.423758506774902,245100,2021-02-09
2021-02-10,9.869999885559082,9.930000305175781,9.789999961853027,9.869999885559082,9.471739768981934,355000,2021-02-10
2021-02-11,9.90999984741211,9.90999984741211,9.829999923706055,9.880000114440918,9.48133659362793,292700,2021-02-11
2021-02-12,9.880000114440918,9.970000267028809,9.859999656677246,9.949999809265137,9.548511505126953,351100,2021-02-12
2021-02-16,9.989999771118164,10.069999694824219,9.960000038146973,9.979999542236328,9.577301025390625,527900,2021-02-16
2021-02-17,9.970000267028809,10.010000228881836,9.949999809265137,10.0,9.596495628356934,321200,2021-02-17
2021-02-18,9.90999984741211,9.949999809265137,9.819999694824219,9.890000343322754,9.560728073120117,248400,2021-02-18
2021-02-19,9.90999984741211,9.9399995803833,9.899999618530273,9.9399995803833,9.609062194824219,224300,2021-02-19
2021-02-22,9.890000343322754,9.930000305175781,9.829999923706055,9.850000381469727,9.522059440612793,277500,2021-02-22
2021-02-23,9.800000190734863,9.859999656677246,9.710000038146973,9.819999694824219,9.493058204650879,285300,2021-02-23
2021-02-24,9.819999694824219,9.960000038146973,9.800000190734863,9.90999984741211,9.580060958862305,207300,2021-02-24
2021-02-25,9.899999618530273,9.9399995803833,9.800000190734863,9.829999923706055,9.502724647521973,401800,2021-02-25
2021-02-26,9.829999923706055,9.850000381469727,9.649999618530273,9.720000267028809,9.396387100219727,906200,2021-02-26
2021-03-01,9.729999542236328,9.850000381469727,9.729999542236328,9.850000381469727,9.522059440612793,587800,2021-03-01
2021-03-02,9.829999923706055,9.920000076293945,9.8100004196167,9.880000114440918,9.55105972290039,319900,2021-03-02
2021-03-03,9.880000114440918,9.90999984741211,9.8100004196167,9.850000381469727,9.522059440612793,227700,2021-03-03
2021-03-04,9.850000381469727,9.880000114440918,9.6899995803833,9.75,9.42538833618164,442700,2021-03-04
2021-03-05,9.779999732971191,9.8100004196167,9.630000114440918,9.800000190734863,9.473722457885742,341800,2021-03-05
2021-03-08,9.770000457763672,9.899999618530273,9.770000457763672,9.819999694824219,9.493058204650879,311500,2021-03-08
2021-03-09,9.869999885559082,9.960000038146973,9.859999656677246,9.859999656677246,9.531725883483887,264800,2021-03-09
2021-03-10,9.890000343322754,9.960000038146973,9.890000343322754,9.930000305175781,9.599396705627441,187600,2021-03-10
2021-03-11,9.989999771118164,10.119999885559082,9.979999542236328,10.029999732971191,9.696065902709961,372400,2021-03-11
2021-03-12,10.039999961853027,10.079999923706055,10.010000228881836,10.0600004196167,9.725067138671875,306600,2021-03-12
2021-03-15,10.069999694824219,10.130000114440918,10.0600004196167,10.100000381469727,9.7637357711792,304600,2021-03-15
2021-03-16,10.149999618530273,10.229999542236328,10.100000381469727,10.180000305175781,9.841072082519531,298200,2021-03-16
2021-03-17,10.130000114440918,10.220000267028809,10.130000114440918,10.1899995803833,9.850737571716309,189300,2021-03-17
2021-03-18,10.180000305175781,10.25,10.149999618530273,10.15999984741211,9.821737289428711,337600,2021-03-18
2021-03-19,10.15999984741211,10.229999542236328,10.109999656677246,10.199999809265137,9.860405921936035,373000,2021-03-19
2021-03-22,10.25,10.359999656677246,10.220000267028809,10.319999694824219,9.976410865783691,370800,2021-03-22
2021-03-23,10.239999771118164,10.300000190734863,10.180000305175781,10.25,9.979331970214844,340800,2021-03-23
2021-03-24,10.289999961853027,10.300000190734863,9.979999542236328,10.010000228881836,9.7456693649292,615600,2021-03-24
2021-03-25,9.960000038146973,10.020000457763672,9.920000076293945,10.010000228881836,9.7456693649292,215600,2021-03-25
2021-03-26,10.050000190734863,10.180000305175781,10.039999961853027,10.149999618530273,9.881972312927246,235000,2021-03-26
2021-03-29,10.149999618530273,10.279999732971191,10.130000114440918,10.260000228881836,9.989067077636719,265200,2021-03-29
2021-03-30,10.270000457763672,10.289999961853027,10.239999771118164,10.289999961853027,10.018275260925293,216000,2021-03-30
2021-03-31,10.319999694824219,10.359999656677246,10.300000190734863,10.319999694824219,10.04748249053955,263000,2021-03-31
2021-04-01,10.380000114440918,10.399999618530273,10.3100004196167,10.350000381469727,10.076691627502441,322400,2021-04-01
2021-04-05,10.369999885559082,10.40999984741211,10.34000015258789,10.359999656677246,10.086426734924316,362000,2021-04-05
2021-04-06,10.34000015258789,10.460000038146973,10.34000015258789,10.399999618530273,10.125370979309082,288600,2021-04-06
2021-04-07,10.430000305175781,10.489999771118164,10.40999984741211,10.40999984741211,10.135106086730957,284200,2021-04-07
2021-04-08,10.489999771118164,10.600000381469727,10.470000267028809,10.550000190734863,10.27140998840332,587400,2021-04-08
2021-04-09,10.569999694824219,10.640000343322754,10.5600004196167,10.640000343322754,10.35903263092041,170700,2021-04-09
2021-04-12,10.649999618530273,10.670000076293945,10.609999656677246,10.630000114440918,10.349297523498535,171800,2021-04-12
2021-04-13,10.649999618530273,10.710000038146973,10.630000114440918,10.710000038146973,10.42718505859375,227600,2021-04-13
2021-04-14,10.75,10.770000457763672,10.649999618530273,10.65999984741211,10.37850570678711,349500,2021-04-14
2021-04-15,10.680000305175781,10.770000457763672,10.680000305175781,10.729999542236328,10.4466552734375,292200,2021-04-15
2021-04-16,10.760000228881836,10.789999961853027,10.520000457763672,10.609999656677246,10.329825401306152,578700,2021-04-16
2021-04-19,10.619999885559082,10.65999984741211,10.609999656677246,10.649999618530273,10.368768692016602,261100,2021-04-19
2021-04-20,10.670000076293945,10.710000038146973,10.579999923706055,10.65999984741211,10.37850570678711,501000,2021-04-20
2021-04-21,10.65999984741211,10.75,10.640000343322754,10.720000267028809,10.436921119689941,201600,2021-04-21
2021-04-22,10.670000076293945,10.6899995803833,10.600000381469727,10.619999885559082,10.410452842712402,275400,2021-04-22
2021-04-23,10.649999618530273,10.729999542236328,10.539999961853027,10.569999694824219,10.361438751220703,481500,2021-04-23
2021-04-26,10.579999923706055,10.630000114440918,10.5600004196167,10.600000381469727,10.390848159790039,184200,2021-04-26
2021-04-27,10.640000343322754,10.6899995803833,10.579999923706055,10.6899995803833,10.479071617126465,174600,2021-04-27
2021-04-28,10.710000038146973,10.720000267028809,10.670000076293945,10.680000305175781,10.469269752502441,201800,2021-04-28
2021-04-29,10.710000038146973,10.710000038146973,10.630000114440918,10.6899995803833,10.479071617126465,245600,2021-04-29
2021-04-30,10.680000305175781,10.710000038146973,10.640000343322754,10.699999809265137,10.488874435424805,300500,2021-04-30
2021-05-03,10.720000267028809,10.789999961853027,10.699999809265137,10.699999809265137,10.488874435424805,290800,2021-05-03
2021-05-04,10.699999809265137,10.789999961853027,10.600000381469727,10.779999732971191,10.567296028137207,526300,2021-05-04
2021-05-05,10.789999961853027,10.84000015258789,10.720000267028809,10.770000457763672,10.557493209838867,298300,2021-05-05
2021-05-06,10.770000457763672,10.829999923706055,10.729999542236328,10.760000228881836,10.54769229888916,196300,2021-05-06
2021-05-07,10.8100004196167,10.859999656677246,10.800000190734863,10.829999923706055,10.61630916595459,215800,2021-05-07
2021-05-10,10.869999885559082,10.899999618530273,10.699999809265137,10.760000228881836,10.54769229888916,487700,2021-05-10
2021-05-11,10.699999809265137,10.850000381469727,10.619999885559082,10.84000015258789,10.626112937927246,586100,2021-05-11
2021-05-12,10.789999961853027,10.800000190734863,10.489999771118164,10.489999771118164,10.283018112182617,335100,2021-05-12
2021-05-13,10.5600004196167,10.600000381469727,10.460000038146973,10.470000267028809,10.263413429260254,448300,2021-05-13
2021-05-14,10.630000114440918,10.630000114440918,10.550000190734863,10.59000015258789,10.381046295166016,312600,2021-05-14
2021-05-17,10.640000343322754,10.789999961853027,10.59000015258789,10.789999961853027,10.577098846435547,383600,2021-05-17
2021-05-18,10.819999694824219,10.9399995803833,10.789999961853027,10.920000076293945,10.704533576965332,398200,2021-05-18
2021-05-19,10.850000381469727,10.920000076293945,10.789999961853027,10.90999984741211,10.694731712341309,375300,2021-05-19
2021-05-20,10.869999885559082,10.970000267028809,10.859999656677246,10.949999809265137,10.80624771118164,281600,2021-05-20
2021-05-21,10.960000038146973,11.0,10.949999809265137,10.949999809265137,10.80624771118164,204400,2021-05-21
2021-05-24,11.0,11.109999656677246,10.979999542236328,11.100000381469727,10.954278945922852,293500,2021-05-24
2021-05-25,11.119999885559082,11.130000114440918,11.050000190734863,11.069999694824219,10.92467212677002,176900,2021-05-25
2021-05-26,11.109999656677246,11.1899995803833,11.100000381469727,11.149999618530273,11.003622055053711,279500,2021-05-26
2021-05-27,11.140000343322754,11.149999618530273,10.920000076293945,10.9399995803833,10.796378135681152,472400,2021-05-27
2021-05-28,10.989999771118164,11.109999656677246,10.949999809265137,11.109999656677246,10.964147567749023,302100,2021-05-28
2021-06-01,11.109999656677246,11.140000343322754,11.069999694824219,11.119999885559082,10.974016189575195,194000,2021-06-01
2021-06-02,11.149999618530273,11.15999984741211,11.050000190734863,11.09000015258789,10.944409370422363,294800,2021-06-02
2021-06-03,11.079999923706055,11.09000015258789,10.920000076293945,10.949999809265137,10.80624771118164,315400,2021-06-03
2021-06-04,10.970000267028809,11.010000228881836,10.9399995803833,10.949999809265137,10.80624771118164,224900,2021-06-04
2021-06-07,10.949999809265137,11.050000190734863,10.890000343322754,11.050000190734863,10.904934883117676,289800,2021-06-07
2021-06-08,11.010000228881836,11.15999984741211,11.010000228881836,11.069999694824219,10.92467212677002,314600,2021-06-08
2021-06-09,11.170000076293945,11.239999771118164,11.09000015258789,11.239999771118164,11.092440605163574,379000,2021-06-09
2021-06-10,11.239999771118164,11.34000015258789,11.210000038146973,11.319999694824219,11.171390533447266,230300,2021-06-10
2021-06-11,11.369999885559082,11.369999885559082,11.279999732971191,11.329999923706055,11.181258201599121,190700,2021-06-11
2021-06-14,11.350000381469727,11.369999885559082,11.149999618530273,11.149999618530273,11.003622055053711,443200,2021-06-14
2021-06-15,11.220000267028809,11.220000267028809,11.0600004196167,11.15999984741211,11.013490676879883,239300,2021-06-15
2021-06-16,11.15999984741211,11.180000305175781,11.079999923706055,11.09000015258789,10.944409370422363,199700,2021-06-16
2021-06-17,11.09000015258789,11.130000114440918,11.0,11.039999961853027,10.895066261291504,243200,2021-06-17
2021-06-18,11.0,11.010000228881836,10.800000190734863,10.8100004196167,10.668086051940918,607600,2021-06-18
2021-06-21,10.829999923706055,11.039999961853027,10.819999694824219,11.020000457763672,10.87532901763916,377500,2021-06-21
2021-06-22,11.020000457763672,11.020000457763672,10.930000305175781,10.949999809265137,10.87830924987793,235100,2021-06-22
2021-06-23,11.0,11.0,10.899999618530273,10.90999984741211,10.838570594787598,194000,2021-06-23
2021-06-24,10.960000038146973,10.970000267028809,10.890000343322754,10.899999618530273,10.828636169433594,228900,2021-06-24
2021-06-25,10.9399995803833,10.9399995803833,10.850000381469727,10.869999885559082,10.798832893371582,250400,2021-06-25
2021-06-28,10.920000076293945,11.0,10.90999984741211,10.979999542236328,10.908112525939941,225600,2021-06-28
2021-06-29,11.0,11.0,10.930000305175781,10.979999542236328,10.908112525939941,223800,2021-06-29
2021-06-30,11.0,11.029999732971191,10.869999885559082,10.890000343322754,10.818702697753906,613200,2021-06-30
2021-07-01,10.949999809265137,10.960000038146973,10.899999618530273,10.9399995803833,10.868374824523926,231700,2021-07-01
2021-07-02,10.9399995803833,10.979999542236328,10.920000076293945,10.979999542236328,10.908112525939941,234300,2021-07-02
2021-07-06,11.020000457763672,11.020000457763672,10.899999618530273,10.930000305175781,10.858440399169922,239100,2021-07-06
2021-07-07,10.9399995803833,10.949999809265137,10.850000381469727,10.90999984741211,10.838570594787598,233500,2021-07-07
2021-07-08,10.819999694824219,10.930000305175781,10.739999771118164,10.930000305175781,10.858440399169922,348800,2021-07-08
2021-07-09,10.979999542236328,11.0,10.9399995803833,11.0,10.927982330322266,236400,2021-07-09
2021-07-12,11.020000457763672,11.039999961853027,10.970000267028809,11.0,10.927982330322266,181700,2021-07-12
2021-07-13,11.0,11.109999656677246,10.979999542236328,11.100000381469727,11.027327537536621,275500,2021-07-13
2021-07-14,11.119999885559082,11.1899995803833,11.079999923706055,11.15999984741211,11.086934089660645,213400,2021-07-14
2021-07-15,11.15999984741211,11.180000305175781,11.079999923706055,11.130000114440918,11.057130813598633,268900,2021-07-15
2021-07-16,11.149999618530273,11.15999984741211,11.079999923706055,11.109999656677246,11.037261009216309,169700,2021-07-16
2021-07-19,11.039999961853027,11.039999961853027,10.850000381469727,10.989999771118164,10.918046951293945,433600,2021-07-19
2021-07-20,11.029999732971191,11.210000038146973,10.970000267028809,11.210000038146973,11.13660717010498,178500,2021-07-20
2021-07-21,11.289999961853027,11.289999961853027,11.149999618530273,11.149999618530273,11.07699966430664,274700,2021-07-21
2021-07-22,11.09000015258789,11.119999885559082,10.970000267028809,10.970000267028809,10.970000267028809,239400,2021-07-22
2021-07-23,11.100000381469727,11.130000114440918,11.050000190734863,11.09000015258789,11.09000015258789,134200,2021-07-23
2021-07-26,11.079999923706055,11.109999656677246,11.029999732971191,11.029999732971191,11.029999732971191,186400,2021-07-26
2021-07-27,11.029999732971191,11.029999732971191,10.949999809265137,11.029999732971191,11.029999732971191,122300,2021-07-27
2021-07-28,11.069999694824219,11.130000114440918,10.970000267028809,11.020000457763672,11.020000457763672,229100,2021-07-28
2021-07-29,11.039999961853027,11.15999984741211,11.039999961853027,11.15999984741211,11.15999984741211,179900,2021-07-29
2021-07-30,11.149999618530273,11.15999984741211,11.0600004196167,11.079999923706055,11.079999923706055,155900,2021-07-30
2021-08-02,11.1899995803833,11.1899995803833,11.0,11.010000228881836,11.010000228881836,200500,2021-08-02
2021-08-03,11.010000228881836,11.0600004196167,11.0,11.039999961853027,11.039999961853027,131300,2021-08-03
2021-08-04,11.010000228881836,11.050000190734863,11.010000228881836,11.039999961853027,11.039999961853027,147800,2021-08-04
2021-08-05,11.079999923706055,11.130000114440918,11.039999961853027,11.130000114440918,11.130000114440918,132200,2021-08-05
2021-08-06,11.149999618530273,11.260000228881836,11.149999618530273,11.260000228881836,11.260000228881836,230900,2021-08-06
2021-08-09,11.260000228881836,11.260000228881836,11.180000305175781,11.210000038146973,11.210000038146973,241800,2021-08-09
2021-08-10,11.25,11.270000457763672,11.1899995803833,11.270000457763672,11.270000457763672,157200,2021-08-10
2021-08-11,11.3100004196167,11.329999923706055,11.260000228881836,11.270000457763672,11.270000457763672,174400,2021-08-11
2021-08-12,11.270000457763672,11.289999961853027,11.260000228881836,11.289999961853027,11.289999961853027,114500,2021-08-12
2021-08-13,11.319999694824219,11.34000015258789,11.270000457763672,11.270000457763672,11.270000457763672,131000,2021-08-13
2021-08-16,11.270000457763672,11.270000457763672,11.199999809265137,11.260000228881836,11.260000228881836,260200,2021-08-16
2021-08-17,11.239999771118164,11.270000457763672,11.180000305175781,11.239999771118164,11.239999771118164,244400,2021-08-17
2021-08-18,11.220000267028809,11.270000457763672,11.210000038146973,11.25,11.25,134400,2021-08-18
2021-08-19,11.1899995803833,11.210000038146973,11.149999618530273,11.170000076293945,11.170000076293945,242600,2021-08-19
2021-08-20,11.239999771118164,11.329999923706055,11.220000267028809,11.220000267028809,11.220000267028809,170600,2021-08-20
2021-08-23,11.199999809265137,11.25,11.100000381469727,11.210000038146973,11.210000038146973,198300,2021-08-23
2021-08-24,11.25,11.25,11.149999618530273,11.15999984741211,11.15999984741211,158600,2021-08-24
2021-08-25,11.140000343322754,11.170000076293945,11.0600004196167,11.0600004196167,11.0600004196167,212400,2021-08-25
2021-08-26,11.079999923706055,11.109999656677246,10.970000267028809,11.010000228881836,11.010000228881836,183100,2021-08-26
2021-08-27,11.029999732971191,11.140000343322754,11.010000228881836,11.100000381469727,11.100000381469727,128500,2021-08-27
2021-08-30,11.109999656677246,11.140000343322754,11.050000190734863,11.0600004196167,11.0600004196167,161000,2021-08-30
2021-08-31,11.09000015258789,11.15999984741211,11.069999694824219,11.100000381469727,11.100000381469727,195000,2021-08-31
2021-09-01,11.100000381469727,11.140000343322754,11.069999694824219,11.100000381469727,11.100000381469727,156400,2021-09-01
2021-09-02,11.079999923706055,11.119999885559082,11.050000190734863,11.0600004196167,11.0600004196167,147800,2021-09-02
2021-09-03,11.0600004196167,11.140000343322754,11.0600004196167,11.130000114440918,11.130000114440918,87700,2021-09-03
2021-09-07,11.119999885559082,11.130000114440918,11.069999694824219,11.100000381469727,11.100000381469727,138500,2021-09-07
2021-09-08,11.09000015258789,11.119999885559082,11.0600004196167,11.100000381469727,11.100000381469727,160800,2021-09-08
2021-09-09,11.109999656677246,11.170000076293945,11.079999923706055,11.130000114440918,11.130000114440918,238800,2021-09-09
2021-09-10,11.170000076293945,11.1899995803833,11.149999618530273,11.170000076293945,11.170000076293945,107900,2021-09-10
2021-09-13,11.210000038146973,11.229999542236328,11.170000076293945,11.1899995803833,11.1899995803833,164300,2021-09-13
2021-09-14,11.229999542236328,11.270000457763672,11.100000381469727,11.109999656677246,11.109999656677246,226900,2021-09-14
2021-09-15,11.140000343322754,11.140000343322754,11.069999694824219,11.140000343322754,11.140000343322754,203700,2021-09-15
2021-09-16,11.170000076293945,11.170000076293945,11.100000381469727,11.170000076293945,11.170000076293945,132400,2021-09-16
2021-09-17,11.1899995803833,11.1899995803833,11.100000381469727,11.119999885559082,11.119999885559082,122800,2021-09-17
2021-09-20,11.029999732971191,11.09000015258789,10.920000076293945,11.079999923706055,11.079999923706055,298400,2021-09-20
2021-09-21,11.079999923706055,11.220000267028809,11.039999961853027,11.180000305175781,11.180000305175781,245600,2021-09-21
2021-09-22,11.119999885559082,11.220000267028809,11.09000015258789,11.100000381469727,11.100000381469727,245800,2021-09-22
2021-09-23,11.149999618530273,11.170000076293945,11.0600004196167,11.069999694824219,11.069999694824219,159300,2021-09-23
2021-09-24,11.039999961853027,11.140000343322754,11.029999732971191,11.09000015258789,11.09000015258789,188600,2021-09-24
2021-09-27,11.09000015258789,11.109999656677246,11.039999961853027,11.069999694824219,11.069999694824219,102200,2021-09-27
2021-09-28,11.0,11.020000457763672,10.899999618530273,10.90999984741211,10.90999984741211,371300,2021-09-28
2021-09-29,10.90999984741211,10.970000267028809,10.819999694824219,10.850000381469727,10.850000381469727,233600,2021-09-29
2021-09-30,10.949999809265137,10.960000038146973,10.800000190734863,10.8100004196167,10.8100004196167,337500,2021-09-30
2021-10-01,10.84000015258789,10.930000305175781,10.779999732971191,10.869999885559082,10.869999885559082,194600,2021-10-01
2021-10-04,10.880000114440918,10.90999984741211,10.65999984741211,10.710000038146973,10.710000038146973,251600,2021-10-04
2021-10-05,10.710000038146973,10.800000190734863,10.680000305175781,10.75,10.75,148600,2021-10-05
2021-10-06,10.729999542236328,10.800000190734863,10.670000076293945,10.779999732971191,10.779999732971191,157800,2021-10-06
2021-10-07,10.829999923706055,10.930000305175781,10.8100004196167,10.8100004196167,10.8100004196167,264700,2021-10-07
2021-10-08,10.859999656677246,10.920000076293945,10.8100004196167,10.90999984741211,10.90999984741211,161300,2021-10-08
2021-10-11,10.930000305175781,11.0,10.90999984741211,10.949999809265137,10.949999809265137,150700,2021-10-11
2021-10-12,10.979999542236328,10.989999771118164,10.899999618530273,10.930000305175781,10.930000305175781,219200,2021-10-12
2021-10-13,10.979999542236328,11.029999732971191,10.899999618530273,11.0,11.0,149400,2021-10-13
2021-10-14,11.100000381469727,11.149999618530273,11.100000381469727,11.100000381469727,11.100000381469727,174800,2021-10-14
2021-10-15,11.15999984741211,11.25,11.100000381469727,11.15999984741211,11.15999984741211,317600,2021-10-15
2021-10-18,11.119999885559082,11.199999809265137,11.109999656677246,11.119999885559082,11.119999885559082,157400,2021-10-18
2021-10-19,11.170000076293945,11.199999809265137,11.130000114440918,11.199999809265137,11.199999809265137,159100,2021-10-19
2021-10-20,11.210000038146973,11.289999961853027,11.170000076293945,11.199999809265137,11.199999809265137,234600,2021-10-20
2021-10-21,11.130000114440918,11.170000076293945,11.069999694824219,11.100000381469727,11.100000381469727,131700,2021-10-21
2021-10-22,11.130000114440918,11.130000114440918,11.039999961853027,11.119999885559082,11.119999885559082,141800,2021-10-22
2021-10-25,11.119999885559082,11.140000343322754,11.050000190734863,11.119999885559082,11.119999885559082,240200,2021-10-25
2021-10-26,11.140000343322754,11.199999809265137,11.039999961853027,11.069999694824219,11.069999694824219,309300,2021-10-26
2021-10-27,11.069999694824219,11.15999984741211,11.029999732971191,11.0600004196167,11.0600004196167,257500,2021-10-27
2021-10-28,11.069999694824219,11.140000343322754,11.069999694824219,11.109999656677246,11.109999656677246,100500,2021-10-28
2021-10-29,11.079999923706055,11.140000343322754,11.020000457763672,11.09000015258789,11.09000015258789,155000,2021-10-29
2021-11-01,11.130000114440918,11.15999984741211,11.069999694824219,11.09000015258789,11.09000015258789,155900,2021-11-01
2021-11-02,11.09000015258789,11.119999885559082,11.069999694824219,11.100000381469727,11.100000381469727,237400,2021-11-02
2021-11-03,11.079999923706055,11.170000076293945,11.079999923706055,11.140000343322754,11.140000343322754,94500,2021-11-03
2021-11-04,11.149999618530273,11.199999809265137,11.140000343322754,11.199999809265137,11.199999809265137,124600,2021-11-04
2021-11-05,11.229999542236328,11.260000228881836,11.149999618530273,11.15999984741211,11.15999984741211,209000,2021-11-05
2021-11-08,11.220000267028809,11.220000267028809,11.130000114440918,11.170000076293945,11.170000076293945,168400,2021-11-08
2021-11-09,11.180000305175781,11.210000038146973,11.109999656677246,11.170000076293945,11.170000076293945,183900,2021-11-09
2021-11-10,11.15999984741211,11.239999771118164,11.140000343322754,11.180000305175781,11.180000305175781,183600,2021-11-10
2021-11-11,11.180000305175781,11.229999542236328,11.149999618530273,11.15999984741211,11.15999984741211,170900,2021-11-11
2021-11-12,11.15999984741211,11.1899995803833,11.09000015258789,11.09000015258789,11.09000015258789,189700,2021-11-12
2021-11-15,11.109999656677246,11.130000114440918,10.949999809265137,11.0600004196167,11.0600004196167,319500,2021-11-15
2021-11-16,11.09000015258789,11.109999656677246,11.039999961853027,11.0600004196167,11.0600004196167,165000,2021-11-16
2021-11-17,11.050000190734863,11.109999656677246,11.010000228881836,11.039999961853027,11.039999961853027,156000,2021-11-17
2021-11-18,11.079999923706055,11.140000343322754,11.029999732971191,11.140000343322754,11.140000343322754,179000,2021-11-18
2021-11-19,11.130000114440918,11.170000076293945,11.0600004196167,11.119999885559082,11.119999885559082,249900,2021-11-19
2021-11-22,11.0600004196167,11.100000381469727,11.020000457763672,11.069999694824219,11.069999694824219,169500,2021-11-22
2021-11-23,11.050000190734863,11.050000190734863,10.949999809265137,10.989999771118164,10.989999771118164,309300,2021-11-23
2021-11-24,10.949999809265137,11.0,10.920000076293945,10.979999542236328,10.979999542236328,108100,2021-11-24
2021-11-26,10.859999656677246,10.869999885559082,10.779999732971191,10.84000015258789,10.84000015258789,135600,2021-11-26
2021-11-29,10.869999885559082,10.930000305175781,10.720000267028809,10.819999694824219,10.819999694824219,256200,2021-11-29
2021-11-30,10.8100004196167,10.859999656677246,10.710000038146973,10.800000190734863,10.800000190734863,248000,2021-11-30
2021-12-01,10.880000114440918,10.979999542236328,10.770000457763672,10.779999732971191,10.779999732971191,216900,2021-12-01
2021-12-02,10.770000457763672,10.829999923706055,10.720000267028809,10.760000228881836,10.760000228881836,180000,2021-12-02
2021-12-03,10.789999961853027,10.800000190734863,10.579999923706055,10.579999923706055,10.579999923706055,243400,2021-12-03
2021-12-06,10.539999961853027,10.6899995803833,10.510000228881836,10.630000114440918,10.630000114440918,315100,2021-12-06
2021-12-07,10.800000190734863,10.949999809265137,10.770000457763672,10.850000381469727,10.850000381469727,211500,2021-12-07
2021-12-08,10.920000076293945,11.0,10.890000343322754,10.970000267028809,10.970000267028809,161600,2021-12-08
2021-12-09,10.970000267028809,10.979999542236328,10.84000015258789,10.859999656677246,10.859999656677246,133700,2021-12-09
2021-12-10,10.920000076293945,10.920000076293945,10.789999961853027,10.819999694824219,10.819999694824219,162600,2021-12-10
2021-12-13,10.859999656677246,10.859999656677246,10.779999732971191,10.850000381469727,10.850000381469727,166900,2021-12-13
2021-12-14,10.829999923706055,10.949999809265137,10.829999923706055,10.9399995803833,10.9399995803833,186200,2021-12-14
2021-12-15,10.949999809265137,10.979999542236328,10.880000114440918,10.970000267028809,10.970000267028809,160700,2021-12-15
2021-12-16,11.029999732971191,11.079999923706055,10.979999542236328,11.020000457763672,11.020000457763672,133000,2021-12-16
2021-12-17,10.979999542236328,10.979999542236328,10.850000381469727,10.880000114440918,10.880000114440918,162400,2021-12-17
2021-12-20,10.800000190734863,10.850000381469727,10.609999656677246,10.6899995803833,10.6899995803833,252300,2021-12-20
2021-12-21,10.770000457763672,11.140000343322754,10.770000457763672,11.140000343322754,11.140000343322754,329800,2021-12-21
2021-12-22,11.09000015258789,11.130000114440918,11.039999961853027,11.109999656677246,11.109999656677246,179800,2021-12-22
2021-12-23,11.149999618530273,11.170000076293945,11.020000457763672,11.039999961853027,11.039999961853027,187600,2021-12-23
2021-12-27,11.079999923706055,11.1899995803833,11.079999923706055,11.130000114440918,11.130000114440918,153600,2021-12-27
2021-12-28,11.149999618530273,11.170000076293945,11.010000228881836,11.050000190734863,11.050000190734863,165900,2021-12-28
2021-12-29,11.0600004196167,11.300000190734863,11.0600004196167,11.270000457763672,11.270000457763672,204300,2021-12-29
2021-12-30,11.25,11.25,11.130000114440918,11.180000305175781,11.180000305175781,136800,2021-12-30
2021-12-31,11.210000038146973,11.260000228881836,11.15999984741211,11.1899995803833,11.1899995803833,188400,2021-12-31
